{"type":"FeatureCollection","metadata":{"generated":1787624192000,"url":"https://earthquake.usgs.gov/earthquakes/feed/v1.0/summary/all_day.geojson","title":"USGS All Earthquakes, Past Day","status":200,"api":"2.7.0","count":274},"features":[{"type":"Feature","properties":{"mag":0.3,"place":"9 km WNW of The Geysers, CA","time":1787624058380,"updated":1787624152318,"tz":null,"url":"https://earthquake.usgs.gov/earthquakes/eventpage/nc75424672","detail":"https://earthquake.usgs.gov/earthquakes/feed/v1.0/detail/nc75424672.geojson","felt":null,"cdi":null,"mmi":null,"alert":null,"status":"automatic","tsunami":0,"sig":1,"net":"nc","code":"75424672","ids":",nc75424672,","sources":",nc,","types":",nearby-cities,origin,phase-data,","nst":10,"dmin":0.005883,"rms":0.01,"gap":116,"magType":"md","type":"earthquake","title":"M 0.3 - 9 km WNW of The Geysers, CA"},"geometry":{"type":"Point","coordinates":[-122.841667175293,38.8203315734863,1.88999998569489]},"id":"nc75424672"},
{"type":"Feature","properties":{"mag":0.9,"place":"41 km NE of Whittier, Alaska","time":1787623029167,"updated":1787623090994,"tz":null,"url":"https://earthquake.usgs.gov/earthquakes/eventpage/aka2026qubbsr","detail":"https://earthquake.usgs.gov/earthquakes/feed/v1.0/detail/aka2026qubbsr.geojson","felt":null,"cdi":null,"mmi":null,"alert":null,"status":"automatic","tsunami":0,"sig":12,"net":"ak","code":"a2026qubbsr","ids":",aka2026qubbsr,","sources":",ak,","types":",origin,phase-data,","nst":8,"dmin":0,"rms":0.2,"gap":180,"magType":"ml","type":"earthquake","title":"M 0.9 - 41 km NE of Whittier, Alaska"},"geometry":{"type":"Point","coordinates":[-148.124,61.027,25.1]},"id":"aka2026qubbsr"},
{"type":"Feature","properties":{"mag":1.4,"place":"9 km NW of Redwood Valley, CA","time":1787622964660,"updated":1787623063134,"tz":null,"url":"https://earthquake.usgs.gov/earthquakes/eventpage/nc75424652","detail":"https://earthquake.usgs.gov/earthquakes/feed/v1.0/detail/nc75424652.geojson","felt":null,"cdi":null,"mmi":null,"alert":null,"status":"automatic","tsunami":0,"sig":30,"net":"nc","code":"75424652","ids":",nc75424652,","sources":",nc,","types":",nearby-cities,origin,phase-data,","nst":10,"dmin":0.05816,"rms":0.04,"gap":109,"magType":"md","type":"earthquake","title":"M 1.4 - 9 km NW of Redwood Valley, CA"},"geometry":{"type":"Point","coordinates":[-123.266502380371,39.3274993896484,5.92000007629395]},"id":"nc75424652"},
{"type":"Feature","properties":{"mag":0.36,"place":"9 km S of Idyllwild, CA","time":1787622644100,"updated":1787622849924,"tz":null,"url":"https://earthquake.usgs.gov/earthquakes/eventpage/ci41535728","detail":"https://earthquake.usgs.gov/earthquakes/feed/v1.0/detail/ci41535728.geojson","felt":null,"cdi":null,"mmi":null,"alert":null,"status":"automatic","tsunami":0,"sig":2,"net":"ci","code":"41535728","ids":",ci41535728,","sources":",ci,","types":",nearby-cities,origin,phase-data,","nst":25,"dmin":0.04968,"rms":0.16,"gap":88,"magType":"ml","type":"earthquake","title":"M 0.4 - 9 km S of Idyllwild, CA"},"geometry":{"type":"Point","coordinates":[-116.724833333333,33.6621666666667,14.58]},"id":"ci41535728"},
{"type":"Feature","properties":{"mag":0.97,"place":"10 km S of Idyllwild, CA","time":1787622555780,"updated":1787622759901,"tz":null,"url":"https://earthquake.usgs.gov/earthquakes/eventpage/ci41535720","detail":"https://earthquake.usgs.gov/earthquakes/feed/v1.0/detail/ci41535720.geojson","felt":null,"cdi":null,"mmi":null,"alert":null,"status":"automatic","tsunami":0,"sig":14,"net":"ci","code":"41535720","ids":",ci41535720,","sources":",ci,","types":",nearby-cities,origin,phase-data,","nst":56,"dmin":0.05225,"rms":0.16,"gap":24,"magType":"ml","type":"earthquake","title":"M 1.0 - 10 km S of Idyllwild, CA"},"geometry":{"type":"Point","coordinates":[-116.733166666667,33.6521666666667,13.43]},"id":"ci41535720"},
{"type":"Feature","properties":{"mag":1.6,"place":"27 km SW of Karluk, Alaska","time":1787622350943,"updated":1787622441400,"tz":null,"url":"https://earthquake.usgs.gov/earthquakes/eventpage/aka2026quarxm","detail":"https://earthquake.usgs.gov/earthquakes/feed/v1.0/detail/aka2026quarxm.geojson","felt":null,"cdi":null,"mmi":null,"alert":null,"status":"automatic","tsunami":0,"sig":39,"net":"ak","code":"a2026quarxm","ids":",aka2026quarxm,","sources":",ak,","types":",origin,phase-data,","nst":11,"dmin":0.2,"rms":0.7,"gap":127,"magType":"ml","type":"earthquake","title":"M 1.6 - 27 km SW of Karluk, Alaska"},"geometry":{"type":"Point","coordinates":[-154.818,57.424,54.2]},"id":"aka2026quarxm"},
{"type":"Feature","properties":{"mag":2.3,"place":"29 km NNW of Susitna, Alaska","time":1787622319950,"updated":1787622386799,"tz":null,"url":"https://earthquake.usgs.gov/earthquakes/eventpage/aka2026quarli","detail":"https://earthquake.usgs.gov/earthquakes/feed/v1.0/detail/aka2026quarli.geojson","felt":null,"cdi":null,"mmi":null,"alert":null,"status":"automatic","tsunami":0,"sig":81,"net":"ak","code":"a2026quarli","ids":",aka2026quarli,","sources":",ak,","types":",origin,phase-data,","nst":34,"dmin":0.6,"rms":0.6,"gap":94,"magType":"ml","type":"earthquake","title":"M 2.3 - 29 km NNW of Susitna, Alaska"},"geometry":{"type":"Point","coordinates":[-150.791,61.774,73.1]},"id":"aka2026quarli"},
{"type":"Feature","properties":{"mag":1.7,"place":"8 km NW of Lindsay, Texas","time":1787621711974,"updated":1787623210925,"tz":null,"url":"https://earthquake.usgs.gov/earthquakes/eventpage/tx2026qrinai","detail":"https://earthquake.usgs.gov/earthquakes/feed/v1.0/detail/tx2026qrinai.geojson","felt":null,"cdi":null,"mmi":null,"alert":null,"status":"automatic","tsunami":0,"sig":44,"net":"tx","code":"2026qrinai","ids":",tx2026qrinai,","sources":",tx,","types":",origin,phase-data,","nst":15,"dmin":0,"rms":0.6,"gap":87,"magType":"ml","type":"earthquake","title":"M 1.7 - 8 km NW of Lindsay, Texas"},"geometry":{"type":"Point","coordinates":[-103.604,31.426,4.5735]},"id":"tx2026qrinai"},
{"type":"Feature","properties":{"mag":1.54,"place":"9 km NW of Redwood Valley, CA","time":1787621686420,"updated":1787621783058,"tz":null,"url":"https://earthquake.usgs.gov/earthquakes/eventpage/nc75424637","detail":"https://earthquake.usgs.gov/earthquakes/feed/v1.0/detail/nc75424637.geojson","felt":null,"cdi":null,"mmi":null,"alert":null,"status":"automatic","tsunami":0,"sig":36,"net":"nc","code":"75424637","ids":",nc75424637,","sources":",nc,","types":",nearby-cities,origin,phase-data,","nst":12,"dmin":0.05716,"rms":0.05,"gap":86,"magType":"md","type":"earthquake","title":"M 1.5 - 9 km NW of Redwood Valley, CA"},"geometry":{"type":"Point","coordinates":[-123.265998840332,39.3258323669434,6.84000015258789]},"id":"nc75424637"},
{"type":"Feature","properties":{"mag":4.5,"place":"74 km SSE of Panguna, Papua New Guinea","time":1787620945241,"updated":1787622129040,"tz":null,"url":"https://earthquake.usgs.gov/earthquakes/eventpage/us6000tnaa","detail":"https://earthquake.usgs.gov/earthquakes/feed/v1.0/detail/us6000tnaa.geojson","felt":null,"cdi":null,"mmi":null,"alert":null,"status":"reviewed","tsunami":0,"sig":312,"net":"us","code":"6000tnaa","ids":",us6000tnaa,","sources":",us,","types":",origin,phase-data,","nst":24,"dmin":4.429,"rms":0.37,"gap":136,"magType":"mb","type":"earthquake","title":"M 4.5 - 74 km SSE of Panguna, Papua New Guinea"},"geometry":{"type":"Point","coordinates":[155.6413,-6.9731,109.317]},"id":"us6000tnaa"},
{"type":"Feature","properties":{"mag":4.9,"place":"4 km NNE of Jalālābād, Afghanistan","time":1787620726243,"updated":1787621551040,"tz":null,"url":"https://earthquake.usgs.gov/earthquakes/eventpage/us6000tna9","detail":"https://earthquake.usgs.gov/earthquakes/feed/v1.0/detail/us6000tna9.geojson","felt":null,"cdi":null,"mmi":null,"alert":null,"status":"reviewed","tsunami":0,"sig":369,"net":"us","code":"6000tna9","ids":",us6000tna9,","sources":",us,","types":",origin,phase-data,","nst":73,"dmin":1.098,"rms":1.07,"gap":104,"magType":"mb","type":"earthquake","title":"M 4.9 - 4 km NNE of Jalālābād, Afghanistan"},"geometry":{"type":"Point","coordinates":[70.463,34.462,10]},"id":"us6000tna9"},
{"type":"Feature","properties":{"mag":1.8,"place":"58 km NNW of Petersville, Alaska","time":1787620604263,"updated":1787620702199,"tz":null,"url":"https://earthquake.usgs.gov/earthquakes/eventpage/aka2026qtzspw","detail":"https://earthquake.usgs.gov/earthquakes/feed/v1.0/detail/aka2026qtzspw.geojson","felt":null,"cdi":null,"mmi":null,"alert":null,"status":"automatic","tsunami":0,"sig":50,"net":"ak","code":"a2026qtzspw","ids":",aka2026qtzspw,","sources":",ak,","types":",origin,phase-data,","nst":37,"dmin":0.4,"rms":0.5,"gap":63,"magType":"ml","type":"earthquake","title":"M 1.8 - 58 km NNW of Petersville, Alaska"},"geometry":{"type":"Point","coordinates":[-151.354,62.944,132.8]},"id":"aka2026qtzspw"},
{"type":"Feature","properties":{"mag":0.21,"place":"6 km WNW of Cobb, CA","time":1787620330860,"updated":1787620427798,"tz":null,"url":"https://earthquake.usgs.gov/earthquakes/eventpage/nc75424622","detail":"https://earthquake.usgs.gov/earthquakes/feed/v1.0/detail/nc75424622.geojson","felt":null,"cdi":null,"mmi":null,"alert":null,"status":"automatic","tsunami":0,"sig":1,"net":"nc","code":"75424622","ids":",nc75424622,","sources":",nc,","types":",nearby-cities,origin,phase-data,","nst":8,"dmin":0.005786,"rms":0.02,"gap":80,"magType":"md","type":"earthquake","title":"M 0.2 - 6 km WNW of Cobb, CA"},"geometry":{"type":"Point","coordinates":[-122.793502807617,38.8331680297852,1.58000004291534]},"id":"nc75424622"},
{"type":"Feature","properties":{"mag":1.17,"place":"1 km SW of Loma Linda, CA","time":1787620064190,"updated":1787620270919,"tz":null,"url":"https://earthquake.usgs.gov/earthquakes/eventpage/ci41535712","detail":"https://earthquake.usgs.gov/earthquakes/feed/v1.0/detail/ci41535712.geojson","felt":null,"cdi":null,"mmi":null,"alert":null,"status":"automatic","tsunami":0,"sig":21,"net":"ci","code":"41535712","ids":",ci41535712,","sources":",ci,","types":",nearby-cities,origin,phase-data,","nst":20,"dmin":0.1589,"rms":0.11,"gap":207,"magType":"ml","type":"earthquake","title":"M 1.2 - 1 km SW of Loma Linda, CA"},"geometry":{"type":"Point","coordinates":[-117.271833333333,34.0393333333333,13.46]},"id":"ci41535712"},
{"type":"Feature","properties":{"mag":2.74,"place":"17 km SSE of Shandon, CA","time":1787619927290,"updated":1787623642469,"tz":null,"url":"https://earthquake.usgs.gov/earthquakes/eventpage/nc75424617","detail":"https://earthquake.usgs.gov/earthquakes/feed/v1.0/detail/nc75424617.geojson","felt":null,"cdi":null,"mmi":null,"alert":null,"status":"automatic","tsunami":0,"sig":116,"net":"nc","code":"75424617","ids":",nc75424617,","sources":",nc,","types":",nearby-cities,origin,phase-data,scitech-link,","nst":4,"dmin":0.3056,"rms":0.03,"gap":177,"magType":"md","type":"earthquake","title":"M 2.7 - 17 km SSE of Shandon, CA"},"geometry":{"type":"Point","coordinates":[-120.331336975098,35.5060005187988,31.1100006103516]},"id":"nc75424617"},
{"type":"Feature","properties":{"mag":1.32,"place":"10 km SE of Cloverdale, CA","time":1787619539250,"updated":1787622446349,"tz":null,"url":"https://earthquake.usgs.gov/earthquakes/eventpage/nc75424602","detail":"https://earthquake.usgs.gov/earthquakes/feed/v1.0/detail/nc75424602.geojson","felt":null,"cdi":null,"mmi":null,"alert":null,"status":"automatic","tsunami":0,"sig":27,"net":"nc","code":"75424602","ids":",nc75424602,","sources":",nc,","types":",nearby-cities,origin,phase-data,scitech-link,","nst":12,"dmin":0.07385,"rms":0.02,"gap":186,"magType":"md","type":"earthquake","title":"M 1.3 - 10 km SE of Cloverdale, CA"},"geometry":{"type":"Point","coordinates":[-122.936500549316,38.7463340759277,5.48000001907349]},"id":"nc75424602"},
{"type":"Feature","properties":{"mag":1.41,"place":"3 km W of Anderson Springs, CA","time":1787619473400,"updated":1787621542250,"tz":null,"url":"https://earthquake.usgs.gov/earthquakes/eventpage/nc75424597","detail":"https://earthquake.usgs.gov/earthquakes/feed/v1.0/detail/nc75424597.geojson","felt":null,"cdi":null,"mmi":null,"alert":null,"status":"automatic","tsunami":0,"sig":31,"net":"nc","code":"75424597","ids":",nc75424597,","sources":",nc,","types":",nearby-cities,origin,phase-data,scitech-link,","nst":16,"dmin":0.01066,"rms":0.06,"gap":66,"magType":"md","type":"earthquake","title":"M 1.4 - 3 km W of Anderson Springs, CA"},"geometry":{"type":"Point","coordinates":[-122.722999572754,38.7721672058105,1.51999998092651]},"id":"nc75424597"},
{"type":"Feature","properties":{"mag":0.96,"place":"9 km ENE of Coso Junction, CA","time":1787619461880,"updated":1787619667526,"tz":null,"url":"https://earthquake.usgs.gov/earthquakes/eventpage/ci41535704","detail":"https://earthquake.usgs.gov/earthquakes/feed/v1.0/detail/ci41535704.geojson","felt":null,"cdi":null,"mmi":null,"alert":null,"status":"automatic","tsunami":0,"sig":14,"net":"ci","code":"41535704","ids":",ci41535704,","sources":",ci,","types":",nearby-cities,origin,phase-data,","nst":19,"dmin":0.05497,"rms":0.14,"gap":69,"magType":"ml","type":"earthquake","title":"M 1.0 - 9 km ENE of Coso Junction, CA"},"geometry":{"type":"Point","coordinates":[-117.845666666667,36.063,2.46]},"id":"ci41535704"},
{"type":"Feature","properties":{"mag":0.61,"place":"9 km ENE of Coso Junction, CA","time":1787618977900,"updated":1787619185544,"tz":null,"url":"https://earthquake.usgs.gov/earthquakes/eventpage/ci41535696","detail":"https://earthquake.usgs.gov/earthquakes/feed/v1.0/detail/ci41535696.geojson","felt":null,"cdi":null,"mmi":null,"alert":null,"status":"automatic","tsunami":0,"sig":6,"net":"ci","code":"41535696","ids":",ci41535696,","sources":",ci,","types":",nearby-cities,origin,phase-data,","nst":17,"dmin":0.05433,"rms":0.16,"gap":69,"magType":"ml","type":"earthquake","title":"M 0.6 - 9 km ENE of Coso Junction, CA"},"geometry":{"type":"Point","coordinates":[-117.8455,36.0636666666667,2.62]},"id":"ci41535696"},
{"type":"Feature","properties":{"mag":2.42,"place":"9 km WNW of The Geysers, CA","time":1787617351250,"updated":1787619440021,"tz":null,"url":"https://earthquake.usgs.gov/earthquakes/eventpage/nc75424562","detail":"https://earthquake.usgs.gov/earthquakes/feed/v1.0/detail/nc75424562.geojson","felt":null,"cdi":null,"mmi":null,"alert":null,"status":"automatic","tsunami":0,"sig":90,"net":"nc","code":"75424562","ids":",nc75424562,","sources":",nc,","types":",focal-mechanism,nearby-cities,origin,phase-data,scitech-link,","nst":69,"dmin":0.006569,"rms":0.09,"gap":28,"magType":"md","type":"earthquake","title":"M 2.4 - 9 km WNW of The Geysers, CA"},"geometry":{"type":"Point","coordinates":[-122.842834472656,38.8206672668457,1.72000002861023]},"id":"nc75424562"},
{"type":"Feature","properties":{"mag":0.32,"place":"12 km SE of Anza, CA","time":1787617277130,"updated":1787617480355,"tz":null,"url":"https://earthquake.usgs.gov/earthquakes/eventpage/ci41535680","detail":"https://earthquake.usgs.gov/earthquakes/feed/v1.0/detail/ci41535680.geojson","felt":null,"cdi":null,"mmi":null,"alert":null,"status":"automatic","tsunami":0,"sig":2,"net":"ci","code":"41535680","ids":",ci41535680,","sources":",ci,","types":",nearby-cities,origin,phase-data,","nst":23,"dmin":0.02761,"rms":0.12,"gap":45,"magType":"ml","type":"earthquake","title":"M 0.3 - 12 km SE of Anza, CA"},"geometry":{"type":"Point","coordinates":[-116.583,33.4721666666667,10.91]},"id":"ci41535680"},
{"type":"Feature","properties":{"mag":4.9,"place":"34 km NW of Ruteng, Indonesia","time":1787616324229,"updated":1787617404040,"tz":null,"url":"https://earthquake.usgs.gov/earthquakes/eventpage/us6000tn9w","detail":"https://earthquake.usgs.gov/earthquakes/feed/v1.0/detail/us6000tn9w.geojson","felt":null,"cdi":null,"mmi":null,"alert":null,"status":"reviewed","tsunami":0,"sig":369,"net":"us","code":"6000tn9w","ids":",us6000tn9w,","sources":",us,","types":",origin,phase-data,","nst":31,"dmin":3.418,"rms":0.56,"gap":123,"magType":"mb","type":"earthquake","title":"M 4.9 - 34 km NW of Ruteng, Indonesia"},"geometry":{"type":"Point","coordinates":[120.2166,-8.4237,10]},"id":"us6000tn9w"},
{"type":"Feature","properties":{"mag":1.9,"place":"9 km ENE of Coso Junction, CA","time":1787616165010,"updated":1787616379574,"tz":null,"url":"https://earthquake.usgs.gov/earthquakes/eventpage/ci41535672","detail":"https://earthquake.usgs.gov/earthquakes/feed/v1.0/detail/ci41535672.geojson","felt":null,"cdi":null,"mmi":null,"alert":null,"status":"automatic","tsunami":0,"sig":56,"net":"ci","code":"41535672","ids":",ci41535672,","sources":",ci,","types":",nearby-cities,origin,phase-data,scitech-link,","nst":33,"dmin":0.04982,"rms":0.15,"gap":51,"magType":"ml","type":"earthquake","title":"M 1.9 - 9 km ENE of Coso Junction, CA"},"geometry":{"type":"Point","coordinates":[-117.847666666667,36.068,2.13]},"id":"ci41535672"},
{"type":"Feature","properties":{"mag":1.13,"place":"17 km WSW of Johannesburg, CA","time":1787616104500,"updated":1787616315357,"tz":null,"url":"https://earthquake.usgs.gov/earthquakes/eventpage/ci41535664","detail":"https://earthquake.usgs.gov/earthquakes/feed/v1.0/detail/ci41535664.geojson","felt":null,"cdi":null,"mmi":null,"alert":null,"status":"automatic","tsunami":0,"sig":20,"net":"ci","code":"41535664","ids":",ci41535664,","sources":",ci,","types":",nearby-cities,origin,phase-data,scitech-link,","nst":39,"dmin":0.05649,"rms":0.23,"gap":41,"magType":"ml","type":"earthquake","title":"M 1.1 - 17 km WSW of Johannesburg, CA"},"geometry":{"type":"Point","coordinates":[-117.809666666667,35.3156666666667,6.5]},"id":"ci41535664"},
{"type":"Feature","properties":{"mag":1.26,"place":"2 km N of The Geysers, CA","time":1787615686540,"updated":1787619140988,"tz":null,"url":"https://earthquake.usgs.gov/earthquakes/eventpage/nc75424537","detail":"https://earthquake.usgs.gov/earthquakes/feed/v1.0/detail/nc75424537.geojson","felt":null,"cdi":null,"mmi":null,"alert":null,"status":"automatic","tsunami":0,"sig":24,"net":"nc","code":"75424537","ids":",nc75424537,","sources":",nc,","types":",nearby-cities,origin,phase-data,scitech-link,","nst":22,"dmin":0.00802,"rms":0.04,"gap":90,"magType":"md","type":"earthquake","title":"M 1.3 - 2 km N of The Geysers, CA"},"geometry":{"type":"Point","coordinates":[-122.752830505371,38.7946662902832,-0.100000001490116]},"id":"nc75424537"},
{"type":"Feature","properties":{"mag":0.54,"place":"18 km ESE of Anza, CA","time":1787615470310,"updated":1787615680157,"tz":null,"url":"https://earthquake.usgs.gov/earthquakes/eventpage/ci41535656","detail":"https://earthquake.usgs.gov/earthquakes/feed/v1.0/detail/ci41535656.geojson","felt":null,"cdi":null,"mmi":null,"alert":null,"status":"automatic","tsunami":0,"sig":4,"net":"ci","code":"41535656","ids":",ci41535656,","sources":",ci,","types":",nearby-cities,origin,phase-data,","nst":23,"dmin":0.08544,"rms":0.13,"gap":58,"magType":"ml","type":"earthquake","title":"M 0.5 - 18 km ESE of Anza, CA"},"geometry":{"type":"Point","coordinates":[-116.500833333333,33.4835,13.9]},"id":"ci41535656"},
{"type":"Feature","properties":{"mag":0.9,"place":"2 km N of The Geysers, CA","time":1787614926540,"updated":1787615022170,"tz":null,"url":"https://earthquake.usgs.gov/earthquakes/eventpage/nc75424527","detail":"https://earthquake.usgs.gov/earthquakes/feed/v1.0/detail/nc75424527.geojson","felt":null,"cdi":null,"mmi":null,"alert":null,"status":"automatic","tsunami":0,"sig":12,"net":"nc","code":"75424527","ids":",nc75424527,","sources":",nc,","types":",nearby-cities,origin,phase-data,","nst":8,"dmin":0.009456,"rms":0.03,"gap":137,"magType":"md","type":"earthquake","title":"M 0.9 - 2 km N of The Geysers, CA"},"geometry":{"type":"Point","coordinates":[-122.752830505371,38.7928352355957,0.639999985694885]},"id":"nc75424527"},
{"type":"Feature","properties":{"mag":0.26,"place":"3 km W of Cobb, CA","time":1787614730990,"updated":1787614827067,"tz":null,"url":"https://earthquake.usgs.gov/earthquakes/eventpage/nc75424522","detail":"https://earthquake.usgs.gov/earthquakes/feed/v1.0/detail/nc75424522.geojson","felt":null,"cdi":null,"mmi":null,"alert":null,"status":"automatic","tsunami":0,"sig":1,"net":"nc","code":"75424522","ids":",nc75424522,","sources":",nc,","types":",nearby-cities,origin,phase-data,","nst":7,"dmin":0.0115,"rms":0.01,"gap":129,"magType":"md","type":"earthquake","title":"M 0.3 - 3 km W of Cobb, CA"},"geometry":{"type":"Point","coordinates":[-122.759498596191,38.8223342895508,1.87000000476837]},"id":"nc75424522"},
{"type":"Feature","properties":{"mag":1.86,"place":"10 km ENE of Coso Junction, CA","time":1787614270180,"updated":1787614883130,"tz":null,"url":"https://earthquake.usgs.gov/earthquakes/eventpage/ci41535648","detail":"https://earthquake.usgs.gov/earthquakes/feed/v1.0/detail/ci41535648.geojson","felt":null,"cdi":null,"mmi":null,"alert":null,"status":"automatic","tsunami":0,"sig":53,"net":"ci","code":"41535648","ids":",ci41535648,","sources":",ci,","types":",focal-mechanism,nearby-cities,origin,phase-data,scitech-link,","nst":31,"dmin":0.05634,"rms":0.18,"gap":67,"magType":"ml","type":"earthquake","title":"M 1.9 - 10 km ENE of Coso Junction, CA"},"geometry":{"type":"Point","coordinates":[-117.843833333333,36.0618333333333,2.3]},"id":"ci41535648"},
{"type":"Feature","properties":{"mag":1.77,"place":"15 km ENE of Ridgecrest, CA","time":1787613797640,"updated":1787614455350,"tz":null,"url":"https://earthquake.usgs.gov/earthquakes/eventpage/ci41535640","detail":"https://earthquake.usgs.gov/earthquakes/feed/v1.0/detail/ci41535640.geojson","felt":null,"cdi":null,"mmi":null,"alert":null,"status":"automatic","tsunami":0,"sig":48,"net":"ci","code":"41535640","ids":",ci41535640,","sources":",ci,","types":",focal-mechanism,nearby-cities,origin,phase-data,scitech-link,","nst":45,"dmin":0.08546,"rms":0.14,"gap":37,"magType":"ml","type":"earthquake","title":"M 1.8 - 15 km ENE of Ridgecrest, CA"},"geometry":{"type":"Point","coordinates":[-117.5275,35.6778333333333,9.07]},"id":"ci41535640"},
{"type":"Feature","properties":{"mag":1.09,"place":"3 km W of Cobb, CA","time":1787613663640,"updated":1787616442682,"tz":null,"url":"https://earthquake.usgs.gov/earthquakes/eventpage/nc75424507","detail":"https://earthquake.usgs.gov/earthquakes/feed/v1.0/detail/nc75424507.geojson","felt":null,"cdi":null,"mmi":null,"alert":null,"status":"automatic","tsunami":0,"sig":18,"net":"nc","code":"75424507","ids":",nc75424507,","sources":",nc,","types":",nearby-cities,origin,phase-data,scitech-link,","nst":9,"dmin":0.01008,"rms":0.02,"gap":149,"magType":"md","type":"earthquake","title":"M 1.1 - 3 km W of Cobb, CA"},"geometry":{"type":"Point","coordinates":[-122.759834289551,38.8241653442383,1.96000003814697]},"id":"nc75424507"},
{"type":"Feature","properties":{"mag":1.22,"place":"5 km NW of Boron, CA","time":1787613446380,"updated":1787613651101,"tz":null,"url":"https://earthquake.usgs.gov/earthquakes/eventpage/ci41535632","detail":"https://earthquake.usgs.gov/earthquakes/feed/v1.0/detail/ci41535632.geojson","felt":null,"cdi":null,"mmi":null,"alert":null,"status":"automatic","tsunami":0,"sig":23,"net":"ci","code":"41535632","ids":",ci41535632,","sources":",ci,","types":",nearby-cities,origin,phase-data,","nst":24,"dmin":0.1045,"rms":0.17,"gap":59,"magType":"ml","type":"earthquake","title":"M 1.2 - 5 km NW of Boron, CA"},"geometry":{"type":"Point","coordinates":[-117.684166666667,35.0386666666667,-0.75]},"id":"ci41535632"},
{"type":"Feature","properties":{"mag":3.2,"place":"46 km SSE of Denali National Park, Alaska","time":1787613238968,"updated":1787613335604,"tz":null,"url":"https://earthquake.usgs.gov/earthquakes/eventpage/aka2026qtvqfq","detail":"https://earthquake.usgs.gov/earthquakes/feed/v1.0/detail/aka2026qtvqfq.geojson","felt":null,"cdi":null,"mmi":null,"alert":null,"status":"automatic","tsunami":0,"sig":158,"net":"ak","code":"a2026qtvqfq","ids":",aka2026qtvqfq,","sources":",ak,","types":",origin,phase-data,","nst":52,"dmin":0.4,"rms":0.9,"gap":39,"magType":"ml","type":"earthquake","title":"M 3.2 - 46 km SSE of Denali National Park, Alaska"},"geometry":{"type":"Point","coordinates":[-151.442,63.14,2.6]},"id":"aka2026qtvqfq"},
{"type":"Feature","properties":{"mag":1.6,"place":"18 km SE of Ackerly, Texas","time":1787613020909,"updated":1787613230700,"tz":null,"url":"https://earthquake.usgs.gov/earthquakes/eventpage/tx2026qrdsxw","detail":"https://earthquake.usgs.gov/earthquakes/feed/v1.0/detail/tx2026qrdsxw.geojson","felt":null,"cdi":null,"mmi":null,"alert":null,"status":"automatic","tsunami":0,"sig":39,"net":"tx","code":"2026qrdsxw","ids":",tx2026qrdsxw,","sources":",tx,","types":",origin,phase-data,","nst":51,"dmin":0,"rms":0.6,"gap":49,"magType":"ml","type":"earthquake","title":"M 1.6 - 18 km SE of Ackerly, Texas"},"geometry":{"type":"Point","coordinates":[-101.604,32.392,3.1252]},"id":"tx2026qrdsxw"},
{"type":"Feature","properties":{"mag":3,"place":"27 km ENE of Chignik, Alaska","time":1787611966383,"updated":1787612396941,"tz":null,"url":"https://earthquake.usgs.gov/earthquakes/eventpage/aka2026qtuxwd","detail":"https://earthquake.usgs.gov/earthquakes/feed/v1.0/detail/aka2026qtuxwd.geojson","felt":null,"cdi":null,"mmi":null,"alert":null,"status":"automatic","tsunami":0,"sig":138,"net":"ak","code":"a2026qtuxwd","ids":",aka2026qtuxwd,","sources":",ak,","types":",origin,phase-data,","nst":74,"dmin":0.3,"rms":0.5,"gap":129,"magType":"ml","type":"earthquake","title":"M 3.0 - 27 km ENE of Chignik, Alaska"},"geometry":{"type":"Point","coordinates":[-158,56.404,87.1]},"id":"aka2026qtuxwd"},
{"type":"Feature","properties":{"mag":0.9,"place":"44 km NE of Whittier, Alaska","time":1787610735329,"updated":1787610796275,"tz":null,"url":"https://earthquake.usgs.gov/earthquakes/eventpage/aka2026qtugaw","detail":"https://earthquake.usgs.gov/earthquakes/feed/v1.0/detail/aka2026qtugaw.geojson","felt":null,"cdi":null,"mmi":null,"alert":null,"status":"automatic","tsunami":0,"sig":12,"net":"ak","code":"a2026qtugaw","ids":",aka2026qtugaw,","sources":",ak,","types":",origin,phase-data,","nst":9,"dmin":0,"rms":0.8,"gap":175,"magType":"ml","type":"earthquake","title":"M 0.9 - 44 km NE of Whittier, Alaska"},"geometry":{"type":"Point","coordinates":[-148.141,61.072,15]},"id":"aka2026qtugaw"},
{"type":"Feature","properties":{"mag":1.73,"place":"1 km S of Wrightwood, CA","time":1787610708220,"updated":1787610920752,"tz":null,"url":"https://earthquake.usgs.gov/earthquakes/eventpage/ci41535624","detail":"https://earthquake.usgs.gov/earthquakes/feed/v1.0/detail/ci41535624.geojson","felt":null,"cdi":null,"mmi":null,"alert":null,"status":"automatic","tsunami":0,"sig":46,"net":"ci","code":"41535624","ids":",ci41535624,","sources":",ci,","types":",nearby-cities,origin,phase-data,scitech-link,","nst":21,"dmin":0.04584,"rms":0.17,"gap":65,"magType":"ml","type":"earthquake","title":"M 1.7 - 1 km S of Wrightwood, CA"},"geometry":{"type":"Point","coordinates":[-117.634,34.3543333333333,11.58]},"id":"ci41535624"},
{"type":"Feature","properties":{"mag":1.6,"place":"37 km WSW of Akhiok, Alaska","time":1787610463933,"updated":1787610542617,"tz":null,"url":"https://earthquake.usgs.gov/earthquakes/eventpage/aka2026qtucdk","detail":"https://earthquake.usgs.gov/earthquakes/feed/v1.0/detail/aka2026qtucdk.geojson","felt":null,"cdi":null,"mmi":null,"alert":null,"status":"automatic","tsunami":0,"sig":39,"net":"ak","code":"a2026qtucdk","ids":",aka2026qtucdk,","sources":",ak,","types":",origin,phase-data,","nst":10,"dmin":0.4,"rms":0.6,"gap":185,"magType":"ml","type":"earthquake","title":"M 1.6 - 37 km WSW of Akhiok, Alaska"},"geometry":{"type":"Point","coordinates":[-154.745,56.812,9]},"id":"aka2026qtucdk"},
{"type":"Feature","properties":{"mag":2.35,"place":"3 km ENE of Medford, Oklahoma","time":1787610207699,"updated":1787611351292,"tz":null,"url":"https://earthquake.usgs.gov/earthquakes/eventpage/ok2026qpbo","detail":"https://earthquake.usgs.gov/earthquakes/feed/v1.0/detail/ok2026qpbo.geojson","felt":null,"cdi":null,"mmi":null,"alert":null,"status":"reviewed","tsunami":0,"sig":85,"net":"ok","code":"2026qpbo","ids":",ok2026qpbo,","sources":",ok,","types":",origin,phase-data,","nst":88,"dmin":0,"rms":0.19,"gap":80,"magType":"ml","type":"earthquake","title":"M 2.4 - 3 km ENE of Medford, Oklahoma"},"geometry":{"type":"Point","coordinates":[-97.69616667,36.8225,6.95]},"id":"ok2026qpbo"},
{"type":"Feature","properties":{"mag":1.78,"place":"9 km ENE of Coso Junction, CA","time":1787610175190,"updated":1787610388404,"tz":null,"url":"https://earthquake.usgs.gov/earthquakes/eventpage/ci41535616","detail":"https://earthquake.usgs.gov/earthquakes/feed/v1.0/detail/ci41535616.geojson","felt":null,"cdi":null,"mmi":null,"alert":null,"status":"automatic","tsunami":0,"sig":49,"net":"ci","code":"41535616","ids":",ci41535616,","sources":",ci,","types":",nearby-cities,origin,phase-data,scitech-link,","nst":30,"dmin":0.04954,"rms":0.16,"gap":51,"magType":"ml","type":"earthquake","title":"M 1.8 - 9 km ENE of Coso Junction, CA"},"geometry":{"type":"Point","coordinates":[-117.847166666667,36.0683333333333,2.17]},"id":"ci41535616"},
{"type":"Feature","properties":{"mag":1.21,"place":"9 km E of Coso Junction, CA","time":1787610004690,"updated":1787610205828,"tz":null,"url":"https://earthquake.usgs.gov/earthquakes/eventpage/ci41535608","detail":"https://earthquake.usgs.gov/earthquakes/feed/v1.0/detail/ci41535608.geojson","felt":null,"cdi":null,"mmi":null,"alert":null,"status":"automatic","tsunami":0,"sig":23,"net":"ci","code":"41535608","ids":",ci41535608,","sources":",ci,","types":",nearby-cities,origin,phase-data,","nst":20,"dmin":0.05721,"rms":0.13,"gap":68,"magType":"ml","type":"earthquake","title":"M 1.2 - 9 km E of Coso Junction, CA"},"geometry":{"type":"Point","coordinates":[-117.844833333333,36.0608333333333,2.6]},"id":"ci41535608"},
{"type":"Feature","properties":{"mag":1,"place":"17 km W of Searles Valley, CA","time":1787609823150,"updated":1787610039448,"tz":null,"url":"https://earthquake.usgs.gov/earthquakes/eventpage/ci41535600","detail":"https://earthquake.usgs.gov/earthquakes/feed/v1.0/detail/ci41535600.geojson","felt":null,"cdi":null,"mmi":null,"alert":null,"status":"automatic","tsunami":0,"sig":15,"net":"ci","code":"41535600","ids":",ci41535600,","sources":",ci,","types":",nearby-cities,origin,phase-data,","nst":19,"dmin":0.04374,"rms":0.16,"gap":93,"magType":"ml","type":"earthquake","title":"M 1.0 - 17 km W of Searles Valley, CA"},"geometry":{"type":"Point","coordinates":[-117.594,35.772,7.01]},"id":"ci41535600"},
{"type":"Feature","properties":{"mag":1.08,"place":"9 km E of Coso Junction, CA","time":1787609798210,"updated":1787610035498,"tz":null,"url":"https://earthquake.usgs.gov/earthquakes/eventpage/ci41535592","detail":"https://earthquake.usgs.gov/earthquakes/feed/v1.0/detail/ci41535592.geojson","felt":null,"cdi":null,"mmi":null,"alert":null,"status":"automatic","tsunami":0,"sig":18,"net":"ci","code":"41535592","ids":",ci41535592,","sources":",ci,","types":",nearby-cities,origin,phase-data,","nst":19,"dmin":0.05752,"rms":0.13,"gap":52,"magType":"ml","type":"earthquake","title":"M 1.1 - 9 km E of Coso Junction, CA"},"geometry":{"type":"Point","coordinates":[-117.845,36.0605,2.66]},"id":"ci41535592"},
{"type":"Feature","properties":{"mag":0.81,"place":"17 km ESE of Little Lake, CA","time":1787609537680,"updated":1787609746426,"tz":null,"url":"https://earthquake.usgs.gov/earthquakes/eventpage/ci41535584","detail":"https://earthquake.usgs.gov/earthquakes/feed/v1.0/detail/ci41535584.geojson","felt":null,"cdi":null,"mmi":null,"alert":null,"status":"automatic","tsunami":0,"sig":10,"net":"ci","code":"41535584","ids":",ci41535584,","sources":",ci,","types":",nearby-cities,origin,phase-data,","nst":15,"dmin":0.08006,"rms":0.11,"gap":48,"magType":"ml","type":"earthquake","title":"M 0.8 - 17 km ESE of Little Lake, CA"},"geometry":{"type":"Point","coordinates":[-117.731333333333,35.884,9.62]},"id":"ci41535584"},
{"type":"Feature","properties":{"mag":1.9,"place":"60 km S of Kingston, Nevada","time":1787608142232,"updated":1787608567194,"tz":null,"url":"https://earthquake.usgs.gov/earthquakes/eventpage/nn00923832","detail":"https://earthquake.usgs.gov/earthquakes/feed/v1.0/detail/nn00923832.geojson","felt":null,"cdi":null,"mmi":null,"alert":null,"status":"reviewed","tsunami":0,"sig":56,"net":"nn","code":"00923832","ids":",nn00923832,","sources":",nn,","types":",origin,phase-data,","nst":8,"dmin":0.581,"rms":0.2739,"gap":228,"magType":"ml","type":"explosion","title":"M 1.9 Explosion - 60 km S of Kingston, Nevada"},"geometry":{"type":"Point","coordinates":[-117.0463,38.6684,7.3141]},"id":"nn00923832"},
{"type":"Feature","properties":{"mag":2.2,"place":"43 km SW of Karluk, Alaska","time":1787607894606,"updated":1787607970775,"tz":null,"url":"https://earthquake.usgs.gov/earthquakes/eventpage/aka2026qtsqzc","detail":"https://earthquake.usgs.gov/earthquakes/feed/v1.0/detail/aka2026qtsqzc.geojson","felt":null,"cdi":null,"mmi":null,"alert":null,"status":"automatic","tsunami":0,"sig":74,"net":"ak","code":"a2026qtsqzc","ids":",aka2026qtsqzc,","sources":",ak,","types":",origin,phase-data,","nst":20,"dmin":0.4,"rms":0.4,"gap":145,"magType":"ml","type":"earthquake","title":"M 2.2 - 43 km SW of Karluk, Alaska"},"geometry":{"type":"Point","coordinates":[-154.96,57.29,49.8]},"id":"aka2026qtsqzc"},
{"type":"Feature","properties":{"mag":1.04,"place":"10 km WNW of The Geysers, CA","time":1787607859300,"updated":1787610441014,"tz":null,"url":"https://earthquake.usgs.gov/earthquakes/eventpage/nc75424427","detail":"https://earthquake.usgs.gov/earthquakes/feed/v1.0/detail/nc75424427.geojson","felt":null,"cdi":null,"mmi":null,"alert":null,"status":"automatic","tsunami":0,"sig":17,"net":"nc","code":"75424427","ids":",nc75424427,","sources":",nc,","types":",nearby-cities,origin,phase-data,scitech-link,","nst":14,"dmin":0.002085,"rms":0.03,"gap":114,"magType":"md","type":"earthquake","title":"M 1.0 - 10 km WNW of The Geysers, CA"},"geometry":{"type":"Point","coordinates":[-122.856330871582,38.8255004882812,2.35999989509583]},"id":"nc75424427"},
{"type":"Feature","properties":{"mag":0.94,"place":"8 km ESE of Cloverdale, CA","time":1787606824520,"updated":1787608343768,"tz":null,"url":"https://earthquake.usgs.gov/earthquakes/eventpage/nc75424412","detail":"https://earthquake.usgs.gov/earthquakes/feed/v1.0/detail/nc75424412.geojson","felt":null,"cdi":null,"mmi":null,"alert":null,"status":"automatic","tsunami":0,"sig":14,"net":"nc","code":"75424412","ids":",nc75424412,","sources":",nc,","types":",nearby-cities,origin,phase-data,scitech-link,","nst":8,"dmin":0.05634,"rms":0.03,"gap":161,"magType":"md","type":"earthquake","title":"M 0.9 - 8 km ESE of Cloverdale, CA"},"geometry":{"type":"Point","coordinates":[-122.942832946777,38.7676658630371,4.05000019073486]},"id":"nc75424412"},
{"type":"Feature","properties":{"mag":0.98,"place":"16 km NE of Milford, Utah","time":1787606813920,"updated":1787611015310,"tz":null,"url":"https://earthquake.usgs.gov/earthquakes/eventpage/uu80150236","detail":"https://earthquake.usgs.gov/earthquakes/feed/v1.0/detail/uu80150236.geojson","felt":null,"cdi":null,"mmi":null,"alert":null,"status":"reviewed","tsunami":0,"sig":15,"net":"uu","code":"80150236","ids":",uu80150236,","sources":",uu,","types":",origin,phase-data,","nst":17,"dmin":0.004899,"rms":0.07,"gap":50,"magType":"ml","type":"earthquake","title":"M 1.0 - 16 km NE of Milford, Utah"},"geometry":{"type":"Point","coordinates":[-112.886666666667,38.512,2.71]},"id":"uu80150236"},
{"type":"Feature","properties":{"mag":1.2,"place":"101 km S of McCarthy, Alaska","time":1787606808244,"updated":1787606872097,"tz":null,"url":"https://earthquake.usgs.gov/earthquakes/eventpage/aka2026qtsbgf","detail":"https://earthquake.usgs.gov/earthquakes/feed/v1.0/detail/aka2026qtsbgf.geojson","felt":null,"cdi":null,"mmi":null,"alert":null,"status":"automatic","tsunami":0,"sig":22,"net":"ak","code":"a2026qtsbgf","ids":",aka2026qtsbgf,","sources":",ak,","types":",origin,phase-data,","nst":10,"dmin":0.1,"rms":0.5,"gap":134,"magType":"ml","type":"earthquake","title":"M 1.2 - 101 km S of McCarthy, Alaska"},"geometry":{"type":"Point","coordinates":[-142.648,60.528,24.3]},"id":"aka2026qtsbgf"},
{"type":"Feature","properties":{"mag":0.5,"place":"23 km N of Ridgecrest, CA","time":1787606366550,"updated":1787606572044,"tz":null,"url":"https://earthquake.usgs.gov/earthquakes/eventpage/ci41535560","detail":"https://earthquake.usgs.gov/earthquakes/feed/v1.0/detail/ci41535560.geojson","felt":null,"cdi":null,"mmi":null,"alert":null,"status":"automatic","tsunami":0,"sig":4,"net":"ci","code":"41535560","ids":",ci41535560,","sources":",ci,","types":",nearby-cities,origin,phase-data,","nst":15,"dmin":0.0629,"rms":0.11,"gap":77,"magType":"ml","type":"earthquake","title":"M 0.5 - 23 km N of Ridgecrest, CA"},"geometry":{"type":"Point","coordinates":[-117.673666666667,35.827,7.46]},"id":"ci41535560"},
{"type":"Feature","properties":{"mag":1.5,"place":"31 km ESE of Alamo, Nevada","time":1787605919436,"updated":1787623506542,"tz":null,"url":"https://earthquake.usgs.gov/earthquakes/eventpage/nn00923826","detail":"https://earthquake.usgs.gov/earthquakes/feed/v1.0/detail/nn00923826.geojson","felt":null,"cdi":null,"mmi":null,"alert":null,"status":"reviewed","tsunami":0,"sig":35,"net":"nn","code":"00923826","ids":",nn00923826,","sources":",nn,","types":",origin,phase-data,","nst":9,"dmin":0.215,"rms":0.1566,"gap":135,"magType":"ml","type":"earthquake","title":"M 1.5 - 31 km ESE of Alamo, Nevada"},"geometry":{"type":"Point","coordinates":[-114.8229,37.292,6.1647]},"id":"nn00923826"},
{"type":"Feature","properties":{"mag":0.87,"place":"10 km E of Coso Junction, CA","time":1787605438890,"updated":1787605648869,"tz":null,"url":"https://earthquake.usgs.gov/earthquakes/eventpage/ci41535544","detail":"https://earthquake.usgs.gov/earthquakes/feed/v1.0/detail/ci41535544.geojson","felt":null,"cdi":null,"mmi":null,"alert":null,"status":"automatic","tsunami":0,"sig":12,"net":"ci","code":"41535544","ids":",ci41535544,","sources":",ci,","types":",nearby-cities,origin,phase-data,","nst":19,"dmin":0.05988,"rms":0.13,"gap":86,"magType":"ml","type":"earthquake","title":"M 0.9 - 10 km E of Coso Junction, CA"},"geometry":{"type":"Point","coordinates":[-117.843166666667,36.0583333333333,2.6]},"id":"ci41535544"},
{"type":"Feature","properties":{"mag":2.1,"place":"8 km SSW of Pyote, Texas","time":1787604414413,"updated":1787604666622,"tz":null,"url":"https://earthquake.usgs.gov/earthquakes/eventpage/tx2026qqyzir","detail":"https://earthquake.usgs.gov/earthquakes/feed/v1.0/detail/tx2026qqyzir.geojson","felt":null,"cdi":null,"mmi":null,"alert":null,"status":"automatic","tsunami":0,"sig":68,"net":"tx","code":"2026qqyzir","ids":",tx2026qqyzir,","sources":",tx,","types":",origin,phase-data,","nst":10,"dmin":0.2,"rms":0.7,"gap":177,"magType":"ml","type":"earthquake","title":"M 2.1 - 8 km SSW of Pyote, Texas"},"geometry":{"type":"Point","coordinates":[-103.171,31.47,18.1121]},"id":"tx2026qqyzir"},
{"type":"Feature","properties":{"mag":1.6,"place":"54 km WNW of Skwentna, Alaska","time":1787603969892,"updated":1787604034511,"tz":null,"url":"https://earthquake.usgs.gov/earthquakes/eventpage/aka2026qtqmhc","detail":"https://earthquake.usgs.gov/earthquakes/feed/v1.0/detail/aka2026qtqmhc.geojson","felt":null,"cdi":null,"mmi":null,"alert":null,"status":"automatic","tsunami":0,"sig":39,"net":"ak","code":"a2026qtqmhc","ids":",aka2026qtqmhc,","sources":",ak,","types":",origin,phase-data,","nst":21,"dmin":0.4,"rms":0.6,"gap":96,"magType":"ml","type":"earthquake","title":"M 1.6 - 54 km WNW of Skwentna, Alaska"},"geometry":{"type":"Point","coordinates":[-152.302,62.238,1.1]},"id":"aka2026qtqmhc"},
{"type":"Feature","properties":{"mag":1.47,"place":"7 km S of Owasso, Oklahoma","time":1787603537280,"updated":1787604533598,"tz":null,"url":"https://earthquake.usgs.gov/earthquakes/eventpage/ok2026qoxw","detail":"https://earthquake.usgs.gov/earthquakes/feed/v1.0/detail/ok2026qoxw.geojson","felt":null,"cdi":null,"mmi":null,"alert":null,"status":"reviewed","tsunami":0,"sig":33,"net":"ok","code":"2026qoxw","ids":",ok2026qoxw,","sources":",ok,","types":",origin,phase-data,","nst":79,"dmin":0.2924426128,"rms":0.39,"gap":119,"magType":"ml","type":"quarry blast","title":"M 1.5 Quarry Blast - 7 km S of Owasso, Oklahoma"},"geometry":{"type":"Point","coordinates":[-95.856,36.19866667,0]},"id":"ok2026qoxw"},
{"type":"Feature","properties":{"mag":1.02,"place":"7 km ENE of San Diego, CA","time":1787602693130,"updated":1787602901716,"tz":null,"url":"https://earthquake.usgs.gov/earthquakes/eventpage/ci41535528","detail":"https://earthquake.usgs.gov/earthquakes/feed/v1.0/detail/ci41535528.geojson","felt":null,"cdi":null,"mmi":null,"alert":null,"status":"automatic","tsunami":0,"sig":16,"net":"ci","code":"41535528","ids":",ci41535528,","sources":",ci,","types":",nearby-cities,origin,phase-data,","nst":28,"dmin":0.05485,"rms":0.19,"gap":100,"magType":"ml","type":"earthquake","title":"M 1.0 - 7 km ENE of San Diego, CA"},"geometry":{"type":"Point","coordinates":[-117.082833333333,32.8131666666667,5.41]},"id":"ci41535528"},
{"type":"Feature","properties":{"mag":1.56,"place":"9 km ENE of Coso Junction, CA","time":1787602631350,"updated":1787605324039,"tz":null,"url":"https://earthquake.usgs.gov/earthquakes/eventpage/ci41535520","detail":"https://earthquake.usgs.gov/earthquakes/feed/v1.0/detail/ci41535520.geojson","felt":null,"cdi":null,"mmi":null,"alert":null,"status":"reviewed","tsunami":0,"sig":37,"net":"ci","code":"41535520","ids":",ci41535520,","sources":",ci,","types":",nearby-cities,origin,phase-data,scitech-link,","nst":31,"dmin":0.05532,"rms":0.15,"gap":50,"magType":"ml","type":"earthquake","title":"M 1.6 - 9 km ENE of Coso Junction, CA"},"geometry":{"type":"Point","coordinates":[-117.8455,36.0626666666667,2.56]},"id":"ci41535520"},
{"type":"Feature","properties":{"mag":1.1,"place":"24 km SW of Ackerly, Texas","time":1787602499243,"updated":1787613510899,"tz":null,"url":"https://earthquake.usgs.gov/earthquakes/eventpage/tx2026qqxxvb","detail":"https://earthquake.usgs.gov/earthquakes/feed/v1.0/detail/tx2026qqxxvb.geojson","felt":null,"cdi":null,"mmi":null,"alert":null,"status":"automatic","tsunami":0,"sig":19,"net":"tx","code":"2026qqxxvb","ids":",tx2026qqxxvb,","sources":",tx,","types":",origin,phase-data,","nst":45,"dmin":0,"rms":0.3,"gap":30,"magType":"ml","type":"earthquake","title":"M 1.1 - 24 km SW of Ackerly, Texas"},"geometry":{"type":"Point","coordinates":[-101.897,32.363,4.1997]},"id":"tx2026qqxxvb"},
{"type":"Feature","properties":{"mag":3.9,"place":"58 km SSE of Kokhanok, Alaska","time":1787602415518,"updated":1787610164271,"tz":null,"url":"https://earthquake.usgs.gov/earthquakes/eventpage/aka2026qtpptp","detail":"https://earthquake.usgs.gov/earthquakes/feed/v1.0/detail/aka2026qtpptp.geojson","felt":null,"cdi":null,"mmi":1.973,"alert":null,"status":"reviewed","tsunami":0,"sig":234,"net":"ak","code":"a2026qtpptp","ids":",aka2026qtpptp,","sources":",ak,","types":",origin,phase-data,shakemap,","nst":269,"dmin":0.3,"rms":1.1,"gap":33,"magType":"ml","type":"earthquake","title":"M 3.9 - 58 km SSE of Kokhanok, Alaska"},"geometry":{"type":"Point","coordinates":[-154.314,58.966,125.5]},"id":"aka2026qtpptp"},
{"type":"Feature","properties":{"mag":1.7,"place":"60 km S of Whites City, New Mexico","time":1787601430438,"updated":1787601975398,"tz":null,"url":"https://earthquake.usgs.gov/earthquakes/eventpage/tx2026qqxill","detail":"https://earthquake.usgs.gov/earthquakes/feed/v1.0/detail/tx2026qqxill.geojson","felt":null,"cdi":null,"mmi":null,"alert":null,"status":"automatic","tsunami":0,"sig":44,"net":"tx","code":"2026qqxill","ids":",tx2026qqxill,","sources":",tx,","types":",origin,phase-data,","nst":22,"dmin":0,"rms":0.2,"gap":73,"magType":"ml","type":"earthquake","title":"M 1.7 - 60 km S of Whites City, New Mexico"},"geometry":{"type":"Point","coordinates":[-104.406,31.633,3.9785]},"id":"tx2026qqxill"},
{"type":"Feature","properties":{"mag":0.87,"place":"7 km ESE of Yucaipa, CA","time":1787600486650,"updated":1787605541836,"tz":null,"url":"https://earthquake.usgs.gov/earthquakes/eventpage/ci41535496","detail":"https://earthquake.usgs.gov/earthquakes/feed/v1.0/detail/ci41535496.geojson","felt":null,"cdi":null,"mmi":null,"alert":null,"status":"reviewed","tsunami":0,"sig":12,"net":"ci","code":"41535496","ids":",ci41535496,","sources":",ci,","types":",nearby-cities,origin,phase-data,","nst":24,"dmin":0.09856,"rms":0.1,"gap":55,"magType":"ml","type":"earthquake","title":"M 0.9 - 7 km ESE of Yucaipa, CA"},"geometry":{"type":"Point","coordinates":[-116.9785,34.0013333333333,11.07]},"id":"ci41535496"},
{"type":"Feature","properties":{"mag":0.65,"place":"10 km E of Coso Junction, CA","time":1787600458480,"updated":1787605350299,"tz":null,"url":"https://earthquake.usgs.gov/earthquakes/eventpage/ci41535488","detail":"https://earthquake.usgs.gov/earthquakes/feed/v1.0/detail/ci41535488.geojson","felt":null,"cdi":null,"mmi":null,"alert":null,"status":"reviewed","tsunami":0,"sig":6,"net":"ci","code":"41535488","ids":",ci41535488,","sources":",ci,","types":",nearby-cities,origin,phase-data,","nst":14,"dmin":0.05657,"rms":0.08,"gap":67,"magType":"ml","type":"earthquake","title":"M 0.7 - 10 km E of Coso Junction, CA"},"geometry":{"type":"Point","coordinates":[-117.843333333333,36.0616666666667,2.73]},"id":"ci41535488"},
{"type":"Feature","properties":{"mag":1.07,"place":"3 km WNW of Anderson Springs, CA","time":1787600361460,"updated":1787603543229,"tz":null,"url":"https://earthquake.usgs.gov/earthquakes/eventpage/nc75424352","detail":"https://earthquake.usgs.gov/earthquakes/feed/v1.0/detail/nc75424352.geojson","felt":null,"cdi":null,"mmi":null,"alert":null,"status":"automatic","tsunami":0,"sig":18,"net":"nc","code":"75424352","ids":",nc75424352,","sources":",nc,","types":",nearby-cities,origin,phase-data,scitech-link,","nst":12,"dmin":0.01156,"rms":0.02,"gap":87,"magType":"md","type":"earthquake","title":"M 1.1 - 3 km WNW of Anderson Springs, CA"},"geometry":{"type":"Point","coordinates":[-122.72216796875,38.7811660766602,1.82000005245209]},"id":"nc75424352"},
{"type":"Feature","properties":{"mag":1.25,"place":"17 km WSW of Johannesburg, CA","time":1787600111720,"updated":1787605376610,"tz":null,"url":"https://earthquake.usgs.gov/earthquakes/eventpage/ci41535480","detail":"https://earthquake.usgs.gov/earthquakes/feed/v1.0/detail/ci41535480.geojson","felt":null,"cdi":null,"mmi":null,"alert":null,"status":"reviewed","tsunami":0,"sig":24,"net":"ci","code":"41535480","ids":",ci41535480,","sources":",ci,","types":",focal-mechanism,nearby-cities,origin,phase-data,scitech-link,","nst":36,"dmin":0.05352,"rms":0.16,"gap":56,"magType":"ml","type":"earthquake","title":"M 1.3 - 17 km WSW of Johannesburg, CA"},"geometry":{"type":"Point","coordinates":[-117.808833333333,35.3116666666667,7.73]},"id":"ci41535480"},
{"type":"Feature","properties":{"mag":0.67,"place":"10 km ENE of Coso Junction, CA","time":1787598494240,"updated":1787605371054,"tz":null,"url":"https://earthquake.usgs.gov/earthquakes/eventpage/ci41535472","detail":"https://earthquake.usgs.gov/earthquakes/feed/v1.0/detail/ci41535472.geojson","felt":null,"cdi":null,"mmi":null,"alert":null,"status":"reviewed","tsunami":0,"sig":7,"net":"ci","code":"41535472","ids":",ci41535472,","sources":",ci,","types":",nearby-cities,origin,phase-data,","nst":13,"dmin":0.05477,"rms":0.1,"gap":88,"magType":"ml","type":"earthquake","title":"M 0.7 - 10 km ENE of Coso Junction, CA"},"geometry":{"type":"Point","coordinates":[-117.839333333333,36.0641666666667,2.95]},"id":"ci41535472"},
{"type":"Feature","properties":{"mag":1.7,"place":"33 km SSE of Lindsay, Texas","time":1787598149650,"updated":1787601611186,"tz":null,"url":"https://earthquake.usgs.gov/earthquakes/eventpage/tx2026qqvniu","detail":"https://earthquake.usgs.gov/earthquakes/feed/v1.0/detail/tx2026qqvniu.geojson","felt":null,"cdi":null,"mmi":null,"alert":null,"status":"automatic","tsunami":0,"sig":44,"net":"tx","code":"2026qqvniu","ids":",tx2026qqvniu,","sources":",tx,","types":",origin,phase-data,","nst":6,"dmin":0.3,"rms":0.9,"gap":178,"magType":"ml","type":"earthquake","title":"M 1.7 - 33 km SSE of Lindsay, Texas"},"geometry":{"type":"Point","coordinates":[-103.385,31.093,3.1802]},"id":"tx2026qqvniu"},
{"type":"Feature","properties":{"mag":5,"place":"209 km NNE of Lospalos, Timor Leste","time":1787598003416,"updated":1787602671040,"tz":null,"url":"https://earthquake.usgs.gov/earthquakes/eventpage/us6000tn80","detail":"https://earthquake.usgs.gov/earthquakes/feed/v1.0/detail/us6000tn80.geojson","felt":null,"cdi":null,"mmi":null,"alert":null,"status":"reviewed","tsunami":0,"sig":385,"net":"us","code":"6000tn80","ids":",us6000tn80,","sources":",us,","types":",origin,phase-data,","nst":56,"dmin":3.218,"rms":0.97,"gap":47,"magType":"mb","type":"earthquake","title":"M 5.0 - 209 km NNE of Lospalos, Timor Leste"},"geometry":{"type":"Point","coordinates":[127.5019,-6.6912,9.947]},"id":"us6000tn80"},
{"type":"Feature","properties":{"mag":0.83,"place":"6 km WNW of Cobb, CA","time":1787597674310,"updated":1787600540881,"tz":null,"url":"https://earthquake.usgs.gov/earthquakes/eventpage/nc75424337","detail":"https://earthquake.usgs.gov/earthquakes/feed/v1.0/detail/nc75424337.geojson","felt":null,"cdi":null,"mmi":null,"alert":null,"status":"automatic","tsunami":0,"sig":11,"net":"nc","code":"75424337","ids":",nc75424337,","sources":",nc,","types":",nearby-cities,origin,phase-data,scitech-link,","nst":10,"dmin":0.002407,"rms":0.01,"gap":104,"magType":"md","type":"earthquake","title":"M 0.8 - 6 km WNW of Cobb, CA"},"geometry":{"type":"Point","coordinates":[-122.790336608887,38.8359985351562,2]},"id":"nc75424337"},
{"type":"Feature","properties":{"mag":2.1,"place":"83 km ESE of Ugashik, Alaska","time":1787597537052,"updated":1787597630866,"tz":null,"url":"https://earthquake.usgs.gov/earthquakes/eventpage/aka2026qtmxia","detail":"https://earthquake.usgs.gov/earthquakes/feed/v1.0/detail/aka2026qtmxia.geojson","felt":null,"cdi":null,"mmi":null,"alert":null,"status":"automatic","tsunami":0,"sig":68,"net":"ak","code":"a2026qtmxia","ids":",aka2026qtmxia,","sources":",ak,","types":",origin,phase-data,","nst":32,"dmin":0.4,"rms":0.5,"gap":117,"magType":"ml","type":"earthquake","title":"M 2.1 - 83 km ESE of Ugashik, Alaska"},"geometry":{"type":"Point","coordinates":[-156.124,57.215,76.2]},"id":"aka2026qtmxia"},
{"type":"Feature","properties":{"mag":1.82,"place":"15 km WNW of Kailua-Kona, Hawaii","time":1787597407500,"updated":1787597621590,"tz":null,"url":"https://earthquake.usgs.gov/earthquakes/eventpage/hv75023262","detail":"https://earthquake.usgs.gov/earthquakes/feed/v1.0/detail/hv75023262.geojson","felt":null,"cdi":null,"mmi":null,"alert":null,"status":"automatic","tsunami":0,"sig":51,"net":"hv","code":"75023262","ids":",hv75023262,","sources":",hv,","types":",origin,phase-data,","nst":12,"dmin":0.4899,"rms":0.219999999,"gap":314,"magType":"md","type":"earthquake","title":"M 1.8 - 15 km WNW of Kailua-Kona, Hawaii"},"geometry":{"type":"Point","coordinates":[-156.133499145508,19.7066669464111,9.42000007629395]},"id":"hv75023262"},
{"type":"Feature","properties":{"mag":2.1,"place":"41 km W of Cohoe, Alaska","time":1787597405055,"updated":1787599849795,"tz":null,"url":"https://earthquake.usgs.gov/earthquakes/eventpage/aka2026qtmvkv","detail":"https://earthquake.usgs.gov/earthquakes/feed/v1.0/detail/aka2026qtmvkv.geojson","felt":1,"cdi":1,"mmi":null,"alert":null,"status":"automatic","tsunami":0,"sig":68,"net":"ak","code":"a2026qtmvkv","ids":",aka2026qtmvkv,","sources":",ak,","types":",dyfi,origin,phase-data,","nst":36,"dmin":0.2,"rms":0.3,"gap":58,"magType":"ml","type":"earthquake","title":"M 2.1 - 41 km W of Cohoe, Alaska"},"geometry":{"type":"Point","coordinates":[-152.052,60.414,90.5]},"id":"aka2026qtmvkv"},
{"type":"Feature","properties":{"mag":2.03,"place":"9 km E of Coso Junction, CA","time":1787597277820,"updated":1787605387393,"tz":null,"url":"https://earthquake.usgs.gov/earthquakes/eventpage/ci41535440","detail":"https://earthquake.usgs.gov/earthquakes/feed/v1.0/detail/ci41535440.geojson","felt":null,"cdi":null,"mmi":null,"alert":null,"status":"reviewed","tsunami":0,"sig":63,"net":"ci","code":"41535440","ids":",ci41535440,","sources":",ci,","types":",nearby-cities,origin,phase-data,scitech-link,","nst":30,"dmin":0.05725,"rms":0.14,"gap":42,"magType":"ml","type":"earthquake","title":"M 2.0 - 9 km E of Coso Junction, CA"},"geometry":{"type":"Point","coordinates":[-117.846,36.0606666666667,2.6]},"id":"ci41535440"},
{"type":"Feature","properties":{"mag":0.7,"place":"10 km SW of Anza, CA","time":1787597244370,"updated":1787605387294,"tz":null,"url":"https://earthquake.usgs.gov/earthquakes/eventpage/ci41535432","detail":"https://earthquake.usgs.gov/earthquakes/feed/v1.0/detail/ci41535432.geojson","felt":null,"cdi":null,"mmi":null,"alert":null,"status":"reviewed","tsunami":0,"sig":8,"net":"ci","code":"41535432","ids":",ci41535432,","sources":",ci,","types":",nearby-cities,origin,phase-data,","nst":34,"dmin":0.0624,"rms":0.15,"gap":34,"magType":"ml","type":"earthquake","title":"M 0.7 - 10 km SW of Anza, CA"},"geometry":{"type":"Point","coordinates":[-116.739,33.4801666666667,14.46]},"id":"ci41535432"},
{"type":"Feature","properties":{"mag":0.25,"place":"7 km W of Cobb, CA","time":1787595455260,"updated":1787595552591,"tz":null,"url":"https://earthquake.usgs.gov/earthquakes/eventpage/nc75424302","detail":"https://earthquake.usgs.gov/earthquakes/feed/v1.0/detail/nc75424302.geojson","felt":null,"cdi":null,"mmi":null,"alert":null,"status":"automatic","tsunami":0,"sig":1,"net":"nc","code":"75424302","ids":",nc75424302,","sources":",nc,","types":",nearby-cities,origin,phase-data,","nst":8,"dmin":0.009841,"rms":0.01,"gap":83,"magType":"md","type":"earthquake","title":"M 0.3 - 7 km W of Cobb, CA"},"geometry":{"type":"Point","coordinates":[-122.799331665039,38.8315010070801,1.99000000953674]},"id":"nc75424302"},
{"type":"Feature","properties":{"mag":2.34,"place":"18 km SW of Toms Place, CA","time":1787595198110,"updated":1787608044742,"tz":null,"url":"https://earthquake.usgs.gov/earthquakes/eventpage/nc75424297","detail":"https://earthquake.usgs.gov/earthquakes/feed/v1.0/detail/nc75424297.geojson","felt":null,"cdi":null,"mmi":null,"alert":null,"status":"automatic","tsunami":0,"sig":84,"net":"nc","code":"75424297","ids":",nc75424297,","sources":",nc,","types":",nearby-cities,origin,phase-data,scitech-link,","nst":15,"dmin":0.1322,"rms":0.05,"gap":98,"magType":"md","type":"earthquake","title":"M 2.3 - 18 km SW of Toms Place, CA"},"geometry":{"type":"Point","coordinates":[-118.834999084473,37.4576683044434,1.9099999666214]},"id":"nc75424297"},
{"type":"Feature","properties":{"mag":0.54,"place":"18 km E of Julian, CA","time":1787594245930,"updated":1787605415611,"tz":null,"url":"https://earthquake.usgs.gov/earthquakes/eventpage/ci41535416","detail":"https://earthquake.usgs.gov/earthquakes/feed/v1.0/detail/ci41535416.geojson","felt":null,"cdi":null,"mmi":null,"alert":null,"status":"reviewed","tsunami":0,"sig":4,"net":"ci","code":"41535416","ids":",ci41535416,","sources":",ci,","types":",nearby-cities,origin,phase-data,","nst":24,"dmin":0.02938,"rms":0.17,"gap":91,"magType":"ml","type":"earthquake","title":"M 0.5 - 18 km E of Julian, CA"},"geometry":{"type":"Point","coordinates":[-116.407833333333,33.0626666666667,5.04]},"id":"ci41535416"},
{"type":"Feature","properties":{"mag":0.69,"place":"8 km WNW of Cobb, CA","time":1787592562250,"updated":1787592657325,"tz":null,"url":"https://earthquake.usgs.gov/earthquakes/eventpage/nc75424287","detail":"https://earthquake.usgs.gov/earthquakes/feed/v1.0/detail/nc75424287.geojson","felt":null,"cdi":null,"mmi":null,"alert":null,"status":"automatic","tsunami":0,"sig":7,"net":"nc","code":"75424287","ids":",nc75424287,","sources":",nc,","types":",nearby-cities,origin,phase-data,","nst":9,"dmin":0.01353,"rms":0,"gap":69,"magType":"md","type":"earthquake","title":"M 0.7 - 8 km WNW of Cobb, CA"},"geometry":{"type":"Point","coordinates":[-122.807662963867,38.8380012512207,2.33999991416931]},"id":"nc75424287"},
{"type":"Feature","properties":{"mag":0.93,"place":"11 km ENE of Ocotillo Wells, CA","time":1787592543440,"updated":1787592756050,"tz":null,"url":"https://earthquake.usgs.gov/earthquakes/eventpage/ci41535392","detail":"https://earthquake.usgs.gov/earthquakes/feed/v1.0/detail/ci41535392.geojson","felt":null,"cdi":null,"mmi":null,"alert":null,"status":"automatic","tsunami":0,"sig":13,"net":"ci","code":"41535392","ids":",ci41535392,","sources":",ci,","types":",nearby-cities,origin,phase-data,","nst":36,"dmin":0.03998,"rms":0.16,"gap":52,"magType":"ml","type":"earthquake","title":"M 0.9 - 11 km ENE of Ocotillo Wells, CA"},"geometry":{"type":"Point","coordinates":[-116.022833333333,33.1865,8.68]},"id":"ci41535392"},
{"type":"Feature","properties":{"mag":0.9,"place":"5 km SW of Inyokern, CA","time":1787592185100,"updated":1787592395729,"tz":null,"url":"https://earthquake.usgs.gov/earthquakes/eventpage/ci41535376","detail":"https://earthquake.usgs.gov/earthquakes/feed/v1.0/detail/ci41535376.geojson","felt":null,"cdi":null,"mmi":null,"alert":null,"status":"automatic","tsunami":0,"sig":12,"net":"ci","code":"41535376","ids":",ci41535376,","sources":",ci,","types":",nearby-cities,origin,phase-data,","nst":18,"dmin":0.1109,"rms":0.21,"gap":171,"magType":"ml","type":"earthquake","title":"M 0.9 - 5 km SW of Inyokern, CA"},"geometry":{"type":"Point","coordinates":[-117.848666666667,35.6153333333333,10.62]},"id":"ci41535376"},
{"type":"Feature","properties":{"mag":2.92,"place":"56 km NW of San Antonio, Puerto Rico","time":1787591799470,"updated":1787592920710,"tz":null,"url":"https://earthquake.usgs.gov/earthquakes/eventpage/pr71529668","detail":"https://earthquake.usgs.gov/earthquakes/feed/v1.0/detail/pr71529668.geojson","felt":null,"cdi":null,"mmi":null,"alert":null,"status":"reviewed","tsunami":0,"sig":131,"net":"pr","code":"71529668","ids":",pr71529668,","sources":",pr,","types":",origin,phase-data,","nst":15,"dmin":0.4058,"rms":0.33,"gap":180,"magType":"md","type":"earthquake","title":"M 2.9 - 56 km NW of San Antonio, Puerto Rico"},"geometry":{"type":"Point","coordinates":[-67.5286666666667,18.7896666666667,8.85]},"id":"pr71529668"},
{"type":"Feature","properties":{"mag":0.71,"place":"4 km W of Cobb, CA","time":1787591345300,"updated":1787595445299,"tz":null,"url":"https://earthquake.usgs.gov/earthquakes/eventpage/nc75424272","detail":"https://earthquake.usgs.gov/earthquakes/feed/v1.0/detail/nc75424272.geojson","felt":null,"cdi":null,"mmi":null,"alert":null,"status":"automatic","tsunami":0,"sig":8,"net":"nc","code":"75424272","ids":",nc75424272,","sources":",nc,","types":",nearby-cities,origin,phase-data,scitech-link,","nst":7,"dmin":0.00549,"rms":0.05,"gap":157,"magType":"md","type":"earthquake","title":"M 0.7 - 4 km W of Cobb, CA"},"geometry":{"type":"Point","coordinates":[-122.763999938965,38.8274993896484,1.33000004291534]},"id":"nc75424272"},
{"type":"Feature","properties":{"mag":1.34,"place":"17 km SW of Toms Place, CA","time":1787590227240,"updated":1787602646132,"tz":null,"url":"https://earthquake.usgs.gov/earthquakes/eventpage/nc75424262","detail":"https://earthquake.usgs.gov/earthquakes/feed/v1.0/detail/nc75424262.geojson","felt":null,"cdi":null,"mmi":null,"alert":null,"status":"automatic","tsunami":0,"sig":28,"net":"nc","code":"75424262","ids":",nc75424262,","sources":",nc,","types":",nearby-cities,origin,phase-data,scitech-link,","nst":12,"dmin":0.1292,"rms":0.03,"gap":218,"magType":"md","type":"earthquake","title":"M 1.3 - 17 km SW of Toms Place, CA"},"geometry":{"type":"Point","coordinates":[-118.824996948242,37.4606666564941,3.10999989509583]},"id":"nc75424262"},
{"type":"Feature","properties":{"mag":0.28,"place":"16 km NE of Milford, Utah","time":1787589427380,"updated":1787603452660,"tz":null,"url":"https://earthquake.usgs.gov/earthquakes/eventpage/uu80150211","detail":"https://earthquake.usgs.gov/earthquakes/feed/v1.0/detail/uu80150211.geojson","felt":null,"cdi":null,"mmi":null,"alert":null,"status":"reviewed","tsunami":0,"sig":1,"net":"uu","code":"80150211","ids":",uu80150211,","sources":",uu,","types":",origin,phase-data,","nst":10,"dmin":0.005563,"rms":0.05,"gap":108,"magType":"md","type":"earthquake","title":"M 0.3 - 16 km NE of Milford, Utah"},"geometry":{"type":"Point","coordinates":[-112.889,38.5068333333333,2.42]},"id":"uu80150211"},
{"type":"Feature","properties":{"mag":1.7,"place":"54 km NE of Chenega, Alaska","time":1787588947602,"updated":1787589048440,"tz":null,"url":"https://earthquake.usgs.gov/earthquakes/eventpage/aka2026qtideq","detail":"https://earthquake.usgs.gov/earthquakes/feed/v1.0/detail/aka2026qtideq.geojson","felt":null,"cdi":null,"mmi":null,"alert":null,"status":"automatic","tsunami":0,"sig":44,"net":"ak","code":"a2026qtideq","ids":",aka2026qtideq,","sources":",ak,","types":",origin,phase-data,","nst":25,"dmin":0.4,"rms":0.8,"gap":72,"magType":"ml","type":"earthquake","title":"M 1.7 - 54 km NE of Chenega, Alaska"},"geometry":{"type":"Point","coordinates":[-147.399,60.445,16.8]},"id":"aka2026qtideq"},
{"type":"Feature","properties":{"mag":0.8,"place":"50 km WSW of Salcha, Alaska","time":1787588879134,"updated":1787588945732,"tz":null,"url":"https://earthquake.usgs.gov/earthquakes/eventpage/aka2026qticev","detail":"https://earthquake.usgs.gov/earthquakes/feed/v1.0/detail/aka2026qticev.geojson","felt":null,"cdi":null,"mmi":null,"alert":null,"status":"automatic","tsunami":0,"sig":10,"net":"ak","code":"a2026qticev","ids":",aka2026qticev,","sources":",ak,","types":",origin,phase-data,","nst":9,"dmin":0.1,"rms":0.6,"gap":176,"magType":"ml","type":"earthquake","title":"M 0.8 - 50 km WSW of Salcha, Alaska"},"geometry":{"type":"Point","coordinates":[-147.883,64.354,5]},"id":"aka2026qticev"},
{"type":"Feature","properties":{"mag":4.7,"place":"Pagan region, Northern Mariana Islands","time":1787588724020,"updated":1787592191040,"tz":null,"url":"https://earthquake.usgs.gov/earthquakes/eventpage/us6000tn6z","detail":"https://earthquake.usgs.gov/earthquakes/feed/v1.0/detail/us6000tn6z.geojson","felt":null,"cdi":null,"mmi":null,"alert":null,"status":"reviewed","tsunami":0,"sig":340,"net":"us","code":"6000tn6z","ids":",us6000tn6z,","sources":",us,","types":",origin,phase-data,","nst":58,"dmin":3.393,"rms":0.93,"gap":98,"magType":"mb","type":"earthquake","title":"M 4.7 - Pagan region, Northern Mariana Islands"},"geometry":{"type":"Point","coordinates":[145.6671,18.6438,205.654]},"id":"us6000tn6z"},
{"type":"Feature","properties":{"mag":1.08,"place":"17 km WSW of Johannesburg, CA","time":1787588327740,"updated":1787605446383,"tz":null,"url":"https://earthquake.usgs.gov/earthquakes/eventpage/ci41535336","detail":"https://earthquake.usgs.gov/earthquakes/feed/v1.0/detail/ci41535336.geojson","felt":null,"cdi":null,"mmi":null,"alert":null,"status":"reviewed","tsunami":0,"sig":18,"net":"ci","code":"41535336","ids":",ci41535336,","sources":",ci,","types":",nearby-cities,origin,phase-data,scitech-link,","nst":26,"dmin":0.05635,"rms":0.17,"gap":69,"magType":"ml","type":"earthquake","title":"M 1.1 - 17 km WSW of Johannesburg, CA"},"geometry":{"type":"Point","coordinates":[-117.8015,35.3106666666667,7.28]},"id":"ci41535336"},
{"type":"Feature","properties":{"mag":1,"place":"16 km NE of Milford, Utah","time":1787588048450,"updated":1787603103700,"tz":null,"url":"https://earthquake.usgs.gov/earthquakes/eventpage/uu80150201","detail":"https://earthquake.usgs.gov/earthquakes/feed/v1.0/detail/uu80150201.geojson","felt":null,"cdi":null,"mmi":null,"alert":null,"status":"reviewed","tsunami":0,"sig":15,"net":"uu","code":"80150201","ids":",uu80150201,","sources":",uu,","types":",origin,phase-data,","nst":13,"dmin":0.007732,"rms":0.06,"gap":114,"magType":"md","type":"earthquake","title":"M 1.0 - 16 km NE of Milford, Utah"},"geometry":{"type":"Point","coordinates":[-112.892833333333,38.5168333333333,2.3]},"id":"uu80150201"},
{"type":"Feature","properties":{"mag":2.25,"place":"5 km E of La Parguera, Puerto Rico","time":1787587507310,"updated":1787588372220,"tz":null,"url":"https://earthquake.usgs.gov/earthquakes/eventpage/pr71529648","detail":"https://earthquake.usgs.gov/earthquakes/feed/v1.0/detail/pr71529648.geojson","felt":null,"cdi":null,"mmi":null,"alert":null,"status":"reviewed","tsunami":0,"sig":78,"net":"pr","code":"71529648","ids":",pr71529648,","sources":",pr,","types":",origin,phase-data,","nst":8,"dmin":0.05071,"rms":0.1,"gap":180,"magType":"md","type":"earthquake","title":"M 2.3 - 5 km E of La Parguera, Puerto Rico"},"geometry":{"type":"Point","coordinates":[-66.991,17.9716666666667,7.93]},"id":"pr71529648"},
{"type":"Feature","properties":{"mag":2.12,"place":"17 km WSW of Johannesburg, CA","time":1787587419190,"updated":1787602344071,"tz":null,"url":"https://earthquake.usgs.gov/earthquakes/eventpage/ci41535304","detail":"https://earthquake.usgs.gov/earthquakes/feed/v1.0/detail/ci41535304.geojson","felt":null,"cdi":null,"mmi":null,"alert":null,"status":"reviewed","tsunami":0,"sig":69,"net":"ci","code":"41535304","ids":",ci41535304,","sources":",ci,","types":",focal-mechanism,nearby-cities,origin,phase-data,scitech-link,","nst":51,"dmin":0.06218,"rms":0.19,"gap":33,"magType":"ml","type":"earthquake","title":"M 2.1 - 17 km WSW of Johannesburg, CA"},"geometry":{"type":"Point","coordinates":[-117.805,35.32,6.64]},"id":"ci41535304"},
{"type":"Feature","properties":{"mag":1.44,"place":"3 km SSW of California City, CA","time":1787587417130,"updated":1787587637367,"tz":null,"url":"https://earthquake.usgs.gov/earthquakes/eventpage/ci41535312","detail":"https://earthquake.usgs.gov/earthquakes/feed/v1.0/detail/ci41535312.geojson","felt":null,"cdi":null,"mmi":null,"alert":null,"status":"automatic","tsunami":0,"sig":32,"net":"ci","code":"41535312","ids":",ci41535312,","sources":",ci,","types":",nearby-cities,origin,phase-data,scitech-link,","nst":20,"dmin":0.2128,"rms":0.35,"gap":124,"magType":"ml","type":"earthquake","title":"M 1.4 - 3 km SSW of California City, CA"},"geometry":{"type":"Point","coordinates":[-118.005666666667,35.0993333333333,-0.82]},"id":"ci41535312"},
{"type":"Feature","properties":{"mag":1.28,"place":"10 km ENE of Coso Junction, CA","time":1787587129640,"updated":1787605463094,"tz":null,"url":"https://earthquake.usgs.gov/earthquakes/eventpage/ci41535296","detail":"https://earthquake.usgs.gov/earthquakes/feed/v1.0/detail/ci41535296.geojson","felt":null,"cdi":null,"mmi":null,"alert":null,"status":"reviewed","tsunami":0,"sig":25,"net":"ci","code":"41535296","ids":",ci41535296,","sources":",ci,","types":",nearby-cities,origin,phase-data,","nst":26,"dmin":0.04878,"rms":0.15,"gap":50,"magType":"ml","type":"earthquake","title":"M 1.3 - 10 km ENE of Coso Junction, CA"},"geometry":{"type":"Point","coordinates":[-117.845166666667,36.0693333333333,1.97]},"id":"ci41535296"},
{"type":"Feature","properties":{"mag":2.6,"place":"11 km ENE of Pleasant Hill, Louisiana","time":1787587104573,"updated":1787623190055,"tz":null,"url":"https://earthquake.usgs.gov/earthquakes/eventpage/us6000tn4t","detail":"https://earthquake.usgs.gov/earthquakes/feed/v1.0/detail/us6000tn4t.geojson","felt":8,"cdi":3.8,"mmi":null,"alert":null,"status":"reviewed","tsunami":0,"sig":107,"net":"us","code":"6000tn4t","ids":",us6000tn4t,","sources":",us,","types":",dyfi,origin,phase-data,","nst":13,"dmin":0.163,"rms":1.15,"gap":136,"magType":"mb_lg","type":"earthquake","title":"M 2.6 - 11 km ENE of Pleasant Hill, Louisiana"},"geometry":{"type":"Point","coordinates":[-93.3902,31.8417,7.364]},"id":"us6000tn4t"},
{"type":"Feature","properties":{"mag":0.69,"place":"5 km E of Lake Henshaw, CA","time":1787586697510,"updated":1787586905788,"tz":null,"url":"https://earthquake.usgs.gov/earthquakes/eventpage/ci41535280","detail":"https://earthquake.usgs.gov/earthquakes/feed/v1.0/detail/ci41535280.geojson","felt":null,"cdi":null,"mmi":null,"alert":null,"status":"automatic","tsunami":0,"sig":7,"net":"ci","code":"41535280","ids":",ci41535280,","sources":",ci,","types":",nearby-cities,origin,phase-data,","nst":10,"dmin":0.1702,"rms":0.24,"gap":90,"magType":"ml","type":"earthquake","title":"M 0.7 - 5 km E of Lake Henshaw, CA"},"geometry":{"type":"Point","coordinates":[-116.709833333333,33.235,15.49]},"id":"ci41535280"},
{"type":"Feature","properties":{"mag":0.69,"place":"7 km WNW of Cobb, CA","time":1787586637000,"updated":1787587942436,"tz":null,"url":"https://earthquake.usgs.gov/earthquakes/eventpage/nc75424232","detail":"https://earthquake.usgs.gov/earthquakes/feed/v1.0/detail/nc75424232.geojson","felt":null,"cdi":null,"mmi":null,"alert":null,"status":"automatic","tsunami":0,"sig":7,"net":"nc","code":"75424232","ids":",nc75424232,","sources":",nc,","types":",nearby-cities,origin,phase-data,scitech-link,","nst":9,"dmin":0.006673,"rms":0.01,"gap":80,"magType":"md","type":"earthquake","title":"M 0.7 - 7 km WNW of Cobb, CA"},"geometry":{"type":"Point","coordinates":[-122.798835754395,38.8376655578613,2.11999988555908]},"id":"nc75424232"},
{"type":"Feature","properties":{"mag":0.26,"place":"17 km E of Ridgecrest, CA","time":1787586518070,"updated":1787602885998,"tz":null,"url":"https://earthquake.usgs.gov/earthquakes/eventpage/ci10250486","detail":"https://earthquake.usgs.gov/earthquakes/feed/v1.0/detail/ci10250486.geojson","felt":null,"cdi":null,"mmi":null,"alert":null,"status":"reviewed","tsunami":0,"sig":1,"net":"ci","code":"10250486","ids":",ci10250486,","sources":",ci,","types":",nearby-cities,origin,phase-data,","nst":5,"dmin":0.07792,"rms":0.09,"gap":230,"magType":"ml","type":"earthquake","title":"M 0.3 - 17 km E of Ridgecrest, CA"},"geometry":{"type":"Point","coordinates":[-117.487833333333,35.6071666666667,1.81]},"id":"ci10250486"},
{"type":"Feature","properties":{"mag":0.6,"place":"10 km ENE of Coso Junction, CA","time":1787586513290,"updated":1787602963671,"tz":null,"url":"https://earthquake.usgs.gov/earthquakes/eventpage/ci41535288","detail":"https://earthquake.usgs.gov/earthquakes/feed/v1.0/detail/ci41535288.geojson","felt":null,"cdi":null,"mmi":null,"alert":null,"status":"reviewed","tsunami":0,"sig":6,"net":"ci","code":"41535288","ids":",ci41535288,","sources":",ci,","types":",nearby-cities,origin,phase-data,scitech-link,","nst":10,"dmin":0.05252,"rms":0.07,"gap":123,"magType":"ml","type":"earthquake","title":"M 0.6 - 10 km ENE of Coso Junction, CA"},"geometry":{"type":"Point","coordinates":[-117.842,36.066,4.45]},"id":"ci41535288"},
{"type":"Feature","properties":{"mag":0.83,"place":"10 km ENE of Coso Junction, CA","time":1787586305420,"updated":1787605494913,"tz":null,"url":"https://earthquake.usgs.gov/earthquakes/eventpage/ci41535272","detail":"https://earthquake.usgs.gov/earthquakes/feed/v1.0/detail/ci41535272.geojson","felt":null,"cdi":null,"mmi":null,"alert":null,"status":"reviewed","tsunami":0,"sig":11,"net":"ci","code":"41535272","ids":",ci41535272,","sources":",ci,","types":",nearby-cities,origin,phase-data,","nst":16,"dmin":0.05583,"rms":0.11,"gap":62,"magType":"ml","type":"earthquake","title":"M 0.8 - 10 km ENE of Coso Junction, CA"},"geometry":{"type":"Point","coordinates":[-117.838,36.0633333333333,3.73]},"id":"ci41535272"},
{"type":"Feature","properties":{"mag":2.4,"place":"8 km SSW of Skwentna, Alaska","time":1787586177031,"updated":1787590679040,"tz":null,"url":"https://earthquake.usgs.gov/earthquakes/eventpage/aka2026qtgozp","detail":"https://earthquake.usgs.gov/earthquakes/feed/v1.0/detail/aka2026qtgozp.geojson","felt":1,"cdi":1,"mmi":null,"alert":null,"status":"automatic","tsunami":0,"sig":89,"net":"ak","code":"a2026qtgozp","ids":",aka2026qtgozp,us6000tn4r,","sources":",ak,us,","types":",dyfi,origin,phase-data,","nst":41,"dmin":0.1,"rms":0.7,"gap":111,"magType":"ml","type":"earthquake","title":"M 2.4 - 8 km SSW of Skwentna, Alaska"},"geometry":{"type":"Point","coordinates":[-151.484,61.926,85.1]},"id":"aka2026qtgozp"},
{"type":"Feature","properties":{"mag":4.9,"place":"76 km SE of Taira, Japan","time":1787585252740,"updated":1787586380040,"tz":null,"url":"https://earthquake.usgs.gov/earthquakes/eventpage/us6000tn4p","detail":"https://earthquake.usgs.gov/earthquakes/feed/v1.0/detail/us6000tn4p.geojson","felt":null,"cdi":null,"mmi":null,"alert":null,"status":"reviewed","tsunami":0,"sig":369,"net":"us","code":"6000tn4p","ids":",us6000tn4p,","sources":",us,","types":",origin,phase-data,","nst":48,"dmin":2.334,"rms":1.22,"gap":75,"magType":"mb","type":"earthquake","title":"M 4.9 - 76 km SE of Taira, Japan"},"geometry":{"type":"Point","coordinates":[128.6513,26.111,10]},"id":"us6000tn4p"},
{"type":"Feature","properties":{"mag":0.78,"place":"10 km ENE of Coso Junction, CA","time":1787585000120,"updated":1787585807343,"tz":null,"url":"https://earthquake.usgs.gov/earthquakes/eventpage/ci41535240","detail":"https://earthquake.usgs.gov/earthquakes/feed/v1.0/detail/ci41535240.geojson","felt":null,"cdi":null,"mmi":null,"alert":null,"status":"reviewed","tsunami":0,"sig":9,"net":"ci","code":"41535240","ids":",ci41535240,","sources":",ci,","types":",nearby-cities,origin,phase-data,","nst":14,"dmin":0.04876,"rms":0.13,"gap":67,"magType":"ml","type":"earthquake","title":"M 0.8 - 10 km ENE of Coso Junction, CA"},"geometry":{"type":"Point","coordinates":[-117.844166666667,36.0695,2.43]},"id":"ci41535240"},
{"type":"Feature","properties":{"mag":1.24,"place":"10 km ENE of Coso Junction, CA","time":1787584952590,"updated":1787585811401,"tz":null,"url":"https://earthquake.usgs.gov/earthquakes/eventpage/ci41535232","detail":"https://earthquake.usgs.gov/earthquakes/feed/v1.0/detail/ci41535232.geojson","felt":null,"cdi":null,"mmi":null,"alert":null,"status":"reviewed","tsunami":0,"sig":24,"net":"ci","code":"41535232","ids":",ci41535232,","sources":",ci,","types":",nearby-cities,origin,phase-data,","nst":25,"dmin":0.04888,"rms":0.14,"gap":50,"magType":"ml","type":"earthquake","title":"M 1.2 - 10 km ENE of Coso Junction, CA"},"geometry":{"type":"Point","coordinates":[-117.845666666667,36.0691666666667,2.35]},"id":"ci41535232"},
{"type":"Feature","properties":{"mag":1.8,"place":"11 km WNW of Malibu, CA","time":1787584884690,"updated":1787585952327,"tz":null,"url":"https://earthquake.usgs.gov/earthquakes/eventpage/ci41535224","detail":"https://earthquake.usgs.gov/earthquakes/feed/v1.0/detail/ci41535224.geojson","felt":null,"cdi":null,"mmi":null,"alert":null,"status":"reviewed","tsunami":0,"sig":50,"net":"ci","code":"41535224","ids":",ci41535224,","sources":",ci,","types":",nearby-cities,origin,phase-data,scitech-link,","nst":37,"dmin":0.04473,"rms":0.2,"gap":118,"magType":"ml","type":"earthquake","title":"M 1.8 - 11 km WNW of Malibu, CA"},"geometry":{"type":"Point","coordinates":[-118.912166666667,34.0601666666667,11.06]},"id":"ci41535224"},
{"type":"Feature","properties":{"mag":1.48,"place":"10 km ENE of Coso Junction, CA","time":1787584858060,"updated":1787585915322,"tz":null,"url":"https://earthquake.usgs.gov/earthquakes/eventpage/ci41535216","detail":"https://earthquake.usgs.gov/earthquakes/feed/v1.0/detail/ci41535216.geojson","felt":null,"cdi":null,"mmi":null,"alert":null,"status":"reviewed","tsunami":0,"sig":34,"net":"ci","code":"41535216","ids":",ci41535216,","sources":",ci,","types":",nearby-cities,origin,phase-data,scitech-link,","nst":25,"dmin":0.04843,"rms":0.13,"gap":50,"magType":"ml","type":"earthquake","title":"M 1.5 - 10 km ENE of Coso Junction, CA"},"geometry":{"type":"Point","coordinates":[-117.845333333333,36.0696666666667,2.19]},"id":"ci41535216"},
{"type":"Feature","properties":{"mag":0.39,"place":"15 km N of Warner Springs, CA","time":1787584554120,"updated":1787585905541,"tz":null,"url":"https://earthquake.usgs.gov/earthquakes/eventpage/ci41535208","detail":"https://earthquake.usgs.gov/earthquakes/feed/v1.0/detail/ci41535208.geojson","felt":null,"cdi":null,"mmi":null,"alert":null,"status":"reviewed","tsunami":0,"sig":2,"net":"ci","code":"41535208","ids":",ci41535208,","sources":",ci,","types":",nearby-cities,origin,phase-data,","nst":20,"dmin":0.07418,"rms":0.1,"gap":87,"magType":"ml","type":"earthquake","title":"M 0.4 - 15 km N of Warner Springs, CA"},"geometry":{"type":"Point","coordinates":[-116.6055,33.4161666666667,10.9]},"id":"ci41535208"},
{"type":"Feature","properties":{"mag":4.8,"place":"91 km N of Ruteng, Indonesia","time":1787584334584,"updated":1787585509040,"tz":null,"url":"https://earthquake.usgs.gov/earthquakes/eventpage/us6000tn4m","detail":"https://earthquake.usgs.gov/earthquakes/feed/v1.0/detail/us6000tn4m.geojson","felt":null,"cdi":null,"mmi":null,"alert":null,"status":"reviewed","tsunami":0,"sig":354,"net":"us","code":"6000tn4m","ids":",us6000tn4m,","sources":",us,","types":",origin,phase-data,","nst":27,"dmin":2.838,"rms":0.53,"gap":118,"magType":"mb","type":"earthquake","title":"M 4.8 - 91 km N of Ruteng, Indonesia"},"geometry":{"type":"Point","coordinates":[120.4543,-7.7836,10]},"id":"us6000tn4m"},
{"type":"Feature","properties":{"mag":1.78,"place":"16 km NE of Milford, Utah","time":1787583871460,"updated":1787586856100,"tz":null,"url":"https://earthquake.usgs.gov/earthquakes/eventpage/uu80150191","detail":"https://earthquake.usgs.gov/earthquakes/feed/v1.0/detail/uu80150191.geojson","felt":null,"cdi":null,"mmi":null,"alert":null,"status":"reviewed","tsunami":0,"sig":49,"net":"uu","code":"80150191","ids":",uu80150191,","sources":",uu,","types":",origin,phase-data,","nst":19,"dmin":0.01451,"rms":0.1,"gap":88,"magType":"ml","type":"earthquake","title":"M 1.8 - 16 km NE of Milford, Utah"},"geometry":{"type":"Point","coordinates":[-112.891166666667,38.5156666666667,1.62]},"id":"uu80150191"},
{"type":"Feature","properties":{"mag":1.43,"place":"3 km SW of Brawley, CA","time":1787581911470,"updated":1787582116206,"tz":null,"url":"https://earthquake.usgs.gov/earthquakes/eventpage/ci41535176","detail":"https://earthquake.usgs.gov/earthquakes/feed/v1.0/detail/ci41535176.geojson","felt":null,"cdi":null,"mmi":null,"alert":null,"status":"automatic","tsunami":0,"sig":31,"net":"ci","code":"41535176","ids":",ci41535176,","sources":",ci,","types":",nearby-cities,origin,phase-data,scitech-link,","nst":32,"dmin":0.05992,"rms":0.23,"gap":75,"magType":"ml","type":"earthquake","title":"M 1.4 - 3 km SW of Brawley, CA"},"geometry":{"type":"Point","coordinates":[-115.549666666667,32.9608333333333,9.19]},"id":"ci41535176"},
{"type":"Feature","properties":{"mag":1.6,"place":"59 km SW of Cantwell, Alaska","time":1787581872910,"updated":1787581951053,"tz":null,"url":"https://earthquake.usgs.gov/earthquakes/eventpage/aka2026qteeyt","detail":"https://earthquake.usgs.gov/earthquakes/feed/v1.0/detail/aka2026qteeyt.geojson","felt":null,"cdi":null,"mmi":null,"alert":null,"status":"automatic","tsunami":0,"sig":39,"net":"ak","code":"a2026qteeyt","ids":",aka2026qteeyt,","sources":",ak,","types":",origin,phase-data,","nst":28,"dmin":0.6,"rms":0.9,"gap":55,"magType":"ml","type":"earthquake","title":"M 1.6 - 59 km SW of Cantwell, Alaska"},"geometry":{"type":"Point","coordinates":[-149.669,62.964,0.5]},"id":"aka2026qteeyt"},
{"type":"Feature","properties":{"mag":0.83,"place":"17 km NW of Parkfield, CA","time":1787581658020,"updated":1787583443953,"tz":null,"url":"https://earthquake.usgs.gov/earthquakes/eventpage/nc75424202","detail":"https://earthquake.usgs.gov/earthquakes/feed/v1.0/detail/nc75424202.geojson","felt":null,"cdi":null,"mmi":null,"alert":null,"status":"automatic","tsunami":0,"sig":11,"net":"nc","code":"75424202","ids":",nc75424202,","sources":",nc,","types":",nearby-cities,origin,phase-data,scitech-link,","nst":13,"dmin":0.02383,"rms":0.05,"gap":100,"magType":"md","type":"earthquake","title":"M 0.8 - 17 km NW of Parkfield, CA"},"geometry":{"type":"Point","coordinates":[-120.565498352051,36.0050010681152,3]},"id":"nc75424202"},
{"type":"Feature","properties":{"mag":6,"place":"215 km NNE of Lospalos, Timor Leste","time":1787580617299,"updated":1787588399180,"tz":null,"url":"https://earthquake.usgs.gov/earthquakes/eventpage/us6000tn41","detail":"https://earthquake.usgs.gov/earthquakes/feed/v1.0/detail/us6000tn41.geojson","felt":null,"cdi":null,"mmi":3.984,"alert":"green","status":"reviewed","tsunami":0,"sig":554,"net":"us","code":"6000tn41","ids":",us6000tn41,","sources":",us,","types":",ground-failure,losspager,moment-tensor,origin,phase-data,shakemap,","nst":111,"dmin":3.208,"rms":0.78,"gap":24,"magType":"mww","type":"earthquake","title":"M 6.0 - 215 km NNE of Lospalos, Timor Leste"},"geometry":{"type":"Point","coordinates":[127.4598,-6.6264,10]},"id":"us6000tn41"},
{"type":"Feature","properties":{"mag":2.34,"place":"18 km SW of Toms Place, CA","time":1787580550090,"updated":1787593643094,"tz":null,"url":"https://earthquake.usgs.gov/earthquakes/eventpage/nc75424192","detail":"https://earthquake.usgs.gov/earthquakes/feed/v1.0/detail/nc75424192.geojson","felt":null,"cdi":null,"mmi":null,"alert":null,"status":"automatic","tsunami":0,"sig":84,"net":"nc","code":"75424192","ids":",nc75424192,nn00923813,","sources":",nc,nn,","types":",focal-mechanism,nearby-cities,origin,phase-data,scitech-link,","nst":25,"dmin":0.1415,"rms":0.07,"gap":99,"magType":"md","type":"earthquake","title":"M 2.3 - 18 km SW of Toms Place, CA"},"geometry":{"type":"Point","coordinates":[-118.833168029785,37.4483337402344,3.04999995231628]},"id":"nc75424192"},
{"type":"Feature","properties":{"mag":0.7,"place":"10 km ENE of Coso Junction, CA","time":1787580477460,"updated":1787583187782,"tz":null,"url":"https://earthquake.usgs.gov/earthquakes/eventpage/ci41535152","detail":"https://earthquake.usgs.gov/earthquakes/feed/v1.0/detail/ci41535152.geojson","felt":null,"cdi":null,"mmi":null,"alert":null,"status":"reviewed","tsunami":0,"sig":8,"net":"ci","code":"41535152","ids":",ci41535152,","sources":",ci,","types":",nearby-cities,origin,phase-data,","nst":18,"dmin":0.05122,"rms":0.14,"gap":63,"magType":"ml","type":"earthquake","title":"M 0.7 - 10 km ENE of Coso Junction, CA"},"geometry":{"type":"Point","coordinates":[-117.8385,36.068,2.57]},"id":"ci41535152"},
{"type":"Feature","properties":{"mag":2.2,"place":"50 km NW of Rampart, Alaska","time":1787580339078,"updated":1787580426235,"tz":null,"url":"https://earthquake.usgs.gov/earthquakes/eventpage/aka2026qtdiuf","detail":"https://earthquake.usgs.gov/earthquakes/feed/v1.0/detail/aka2026qtdiuf.geojson","felt":null,"cdi":null,"mmi":null,"alert":null,"status":"automatic","tsunami":0,"sig":74,"net":"ak","code":"a2026qtdiuf","ids":",aka2026qtdiuf,","sources":",ak,","types":",origin,phase-data,","nst":21,"dmin":0.2,"rms":0.5,"gap":46,"magType":"ml","type":"earthquake","title":"M 2.2 - 50 km NW of Rampart, Alaska"},"geometry":{"type":"Point","coordinates":[-150.865,65.85,6.9]},"id":"aka2026qtdiuf"},
{"type":"Feature","properties":{"mag":1.87,"place":"17 km SW of Toms Place, CA","time":1787579299130,"updated":1787592741993,"tz":null,"url":"https://earthquake.usgs.gov/earthquakes/eventpage/nc75424187","detail":"https://earthquake.usgs.gov/earthquakes/feed/v1.0/detail/nc75424187.geojson","felt":null,"cdi":null,"mmi":null,"alert":null,"status":"automatic","tsunami":0,"sig":54,"net":"nc","code":"75424187","ids":",nc75424187,","sources":",nc,","types":",nearby-cities,origin,phase-data,scitech-link,","nst":15,"dmin":0.1285,"rms":0.04,"gap":218,"magType":"md","type":"earthquake","title":"M 1.9 - 17 km SW of Toms Place, CA"},"geometry":{"type":"Point","coordinates":[-118.823669433594,37.4613342285156,2.75999999046326]},"id":"nc75424187"},
{"type":"Feature","properties":{"mag":0.68,"place":"5 km NW of The Geysers, CA","time":1787578753620,"updated":1787580740654,"tz":null,"url":"https://earthquake.usgs.gov/earthquakes/eventpage/nc75424177","detail":"https://earthquake.usgs.gov/earthquakes/feed/v1.0/detail/nc75424177.geojson","felt":null,"cdi":null,"mmi":null,"alert":null,"status":"automatic","tsunami":0,"sig":7,"net":"nc","code":"75424177","ids":",nc75424177,","sources":",nc,","types":",nearby-cities,origin,phase-data,scitech-link,","nst":6,"dmin":0.003403,"rms":0.11,"gap":124,"magType":"md","type":"earthquake","title":"M 0.7 - 5 km NW of The Geysers, CA"},"geometry":{"type":"Point","coordinates":[-122.795997619629,38.8113327026367,12.6800003051758]},"id":"nc75424177"},
{"type":"Feature","properties":{"mag":1.49,"place":"17 km SW of Toms Place, CA","time":1787578432320,"updated":1787591243798,"tz":null,"url":"https://earthquake.usgs.gov/earthquakes/eventpage/nc75424172","detail":"https://earthquake.usgs.gov/earthquakes/feed/v1.0/detail/nc75424172.geojson","felt":null,"cdi":null,"mmi":null,"alert":null,"status":"automatic","tsunami":0,"sig":34,"net":"nc","code":"75424172","ids":",nc75424172,","sources":",nc,","types":",nearby-cities,origin,phase-data,scitech-link,","nst":12,"dmin":0.1299,"rms":0.04,"gap":234,"magType":"md","type":"earthquake","title":"M 1.5 - 17 km SW of Toms Place, CA"},"geometry":{"type":"Point","coordinates":[-118.824165344238,37.4599990844727,2.97000002861023]},"id":"nc75424172"},
{"type":"Feature","properties":{"mag":1.84,"place":"19 km SW of Toms Place, CA","time":1787577858580,"updated":1787589440593,"tz":null,"url":"https://earthquake.usgs.gov/earthquakes/eventpage/nc75424167","detail":"https://earthquake.usgs.gov/earthquakes/feed/v1.0/detail/nc75424167.geojson","felt":null,"cdi":null,"mmi":null,"alert":null,"status":"automatic","tsunami":0,"sig":52,"net":"nc","code":"75424167","ids":",nc75424167,","sources":",nc,","types":",nearby-cities,origin,phase-data,scitech-link,","nst":16,"dmin":0.1455,"rms":0.08,"gap":133,"magType":"md","type":"earthquake","title":"M 1.8 - 19 km SW of Toms Place, CA"},"geometry":{"type":"Point","coordinates":[-118.835998535156,37.4443321228027,1.79999995231628]},"id":"nc75424167"},
{"type":"Feature","properties":{"mag":2.85,"place":"19 km SW of Toms Place, CA","time":1787577790670,"updated":1787591628184,"tz":null,"url":"https://earthquake.usgs.gov/earthquakes/eventpage/nc75424162","detail":"https://earthquake.usgs.gov/earthquakes/feed/v1.0/detail/nc75424162.geojson","felt":null,"cdi":null,"mmi":null,"alert":null,"status":"automatic","tsunami":0,"sig":125,"net":"nc","code":"75424162","ids":",nc75424162,nn00923809,","sources":",nc,nn,","types":",focal-mechanism,nearby-cities,origin,phase-data,scitech-link,","nst":28,"dmin":0.1435,"rms":0.06,"gap":96,"magType":"md","type":"earthquake","title":"M 2.9 - 19 km SW of Toms Place, CA"},"geometry":{"type":"Point","coordinates":[-118.833335876465,37.4463348388672,2.05999994277954]},"id":"nc75424162"},
{"type":"Feature","properties":{"mag":1.31,"place":"6 km NW of The Geysers, CA","time":1787577269450,"updated":1787586741305,"tz":null,"url":"https://earthquake.usgs.gov/earthquakes/eventpage/nc75424157","detail":"https://earthquake.usgs.gov/earthquakes/feed/v1.0/detail/nc75424157.geojson","felt":null,"cdi":null,"mmi":null,"alert":null,"status":"automatic","tsunami":0,"sig":26,"net":"nc","code":"75424157","ids":",nc75424157,","sources":",nc,","types":",nearby-cities,origin,phase-data,scitech-link,","nst":19,"dmin":0.01051,"rms":0.02,"gap":51,"magType":"md","type":"earthquake","title":"M 1.3 - 6 km NW of The Geysers, CA"},"geometry":{"type":"Point","coordinates":[-122.808502197266,38.810001373291,2.4300000667572]},"id":"nc75424157"},
{"type":"Feature","properties":{"mag":0.79,"place":"10 km E of Coso Junction, CA","time":1787576792240,"updated":1787579869100,"tz":null,"url":"https://earthquake.usgs.gov/earthquakes/eventpage/ci41535128","detail":"https://earthquake.usgs.gov/earthquakes/feed/v1.0/detail/ci41535128.geojson","felt":null,"cdi":null,"mmi":null,"alert":null,"status":"reviewed","tsunami":0,"sig":10,"net":"ci","code":"41535128","ids":",ci41535128,","sources":",ci,","types":",nearby-cities,origin,phase-data,","nst":20,"dmin":0.06037,"rms":0.15,"gap":64,"magType":"ml","type":"earthquake","title":"M 0.8 - 10 km E of Coso Junction, CA"},"geometry":{"type":"Point","coordinates":[-117.838833333333,36.0585,2.47]},"id":"ci41535128"},
{"type":"Feature","properties":{"mag":0.68,"place":"10 km ENE of Coso Junction, CA","time":1787576273100,"updated":1787579915899,"tz":null,"url":"https://earthquake.usgs.gov/earthquakes/eventpage/ci41535120","detail":"https://earthquake.usgs.gov/earthquakes/feed/v1.0/detail/ci41535120.geojson","felt":null,"cdi":null,"mmi":null,"alert":null,"status":"reviewed","tsunami":0,"sig":7,"net":"ci","code":"41535120","ids":",ci41535120,","sources":",ci,","types":",nearby-cities,origin,phase-data,","nst":16,"dmin":0.04869,"rms":0.13,"gap":105,"magType":"ml","type":"earthquake","title":"M 0.7 - 10 km ENE of Coso Junction, CA"},"geometry":{"type":"Point","coordinates":[-117.840666666667,36.0701666666667,2.14]},"id":"ci41535120"},
{"type":"Feature","properties":{"mag":1.04,"place":"16 km SW of Little Lake, CA","time":1787575639930,"updated":1787575854529,"tz":null,"url":"https://earthquake.usgs.gov/earthquakes/eventpage/ci41535104","detail":"https://earthquake.usgs.gov/earthquakes/feed/v1.0/detail/ci41535104.geojson","felt":null,"cdi":null,"mmi":null,"alert":null,"status":"automatic","tsunami":0,"sig":17,"net":"ci","code":"41535104","ids":",ci41535104,","sources":",ci,","types":",nearby-cities,origin,phase-data,scitech-link,","nst":9,"dmin":0.2031,"rms":0.41,"gap":254,"magType":"ml","type":"earthquake","title":"M 1.0 - 16 km SW of Little Lake, CA"},"geometry":{"type":"Point","coordinates":[-118.0215,35.8313333333333,26.76]},"id":"ci41535104"},
{"type":"Feature","properties":{"mag":1.46,"place":"16 km NE of Milford, Utah","time":1787575499590,"updated":1787577704210,"tz":null,"url":"https://earthquake.usgs.gov/earthquakes/eventpage/uu80150161","detail":"https://earthquake.usgs.gov/earthquakes/feed/v1.0/detail/uu80150161.geojson","felt":null,"cdi":null,"mmi":null,"alert":null,"status":"reviewed","tsunami":0,"sig":33,"net":"uu","code":"80150161","ids":",uu80150161,","sources":",uu,","types":",origin,phase-data,","nst":15,"dmin":0.00325,"rms":0.09,"gap":65,"magType":"ml","type":"earthquake","title":"M 1.5 - 16 km NE of Milford, Utah"},"geometry":{"type":"Point","coordinates":[-112.893833333333,38.5096666666667,2.07]},"id":"uu80150161"},
{"type":"Feature","properties":{"mag":5,"place":"southern Mid-Atlantic Ridge","time":1787574571627,"updated":1787575724040,"tz":null,"url":"https://earthquake.usgs.gov/earthquakes/eventpage/us6000tn3t","detail":"https://earthquake.usgs.gov/earthquakes/feed/v1.0/detail/us6000tn3t.geojson","felt":null,"cdi":null,"mmi":null,"alert":null,"status":"reviewed","tsunami":0,"sig":385,"net":"us","code":"6000tn3t","ids":",us6000tn3t,","sources":",us,","types":",origin,phase-data,","nst":50,"dmin":7.939,"rms":0.51,"gap":89,"magType":"mb","type":"earthquake","title":"M 5.0 - southern Mid-Atlantic Ridge"},"geometry":{"type":"Point","coordinates":[-13.8368,-17.7036,10]},"id":"us6000tn3t"},
{"type":"Feature","properties":{"mag":1.16,"place":"17 km NE of Milford, Utah","time":1787574346250,"updated":1787579120730,"tz":null,"url":"https://earthquake.usgs.gov/earthquakes/eventpage/uu80150156","detail":"https://earthquake.usgs.gov/earthquakes/feed/v1.0/detail/uu80150156.geojson","felt":null,"cdi":null,"mmi":null,"alert":null,"status":"reviewed","tsunami":0,"sig":21,"net":"uu","code":"80150156","ids":",uu80150156,","sources":",uu,","types":",origin,phase-data,","nst":8,"dmin":0.01703,"rms":0.05,"gap":125,"magType":"md","type":"earthquake","title":"M 1.2 - 17 km NE of Milford, Utah"},"geometry":{"type":"Point","coordinates":[-112.894166666667,38.527,3.25]},"id":"uu80150156"},
{"type":"Feature","properties":{"mag":1.3,"place":"2 km SE of Gardendale, Texas","time":1787574288499,"updated":1787596918047,"tz":null,"url":"https://earthquake.usgs.gov/earthquakes/eventpage/tx2026qqiipo","detail":"https://earthquake.usgs.gov/earthquakes/feed/v1.0/detail/tx2026qqiipo.geojson","felt":null,"cdi":null,"mmi":null,"alert":null,"status":"reviewed","tsunami":0,"sig":26,"net":"tx","code":"2026qqiipo","ids":",tx2026qqiipo,","sources":",tx,","types":",origin,phase-data,","nst":13,"dmin":0,"rms":0.2,"gap":75,"magType":"ml","type":"earthquake","title":"M 1.3 - 2 km SE of Gardendale, Texas"},"geometry":{"type":"Point","coordinates":[-102.363,32.005,4.9316]},"id":"tx2026qqiipo"},
{"type":"Feature","properties":{"mag":1.5,"place":"56 km SSE of Whites City, New Mexico","time":1787574183085,"updated":1787597435983,"tz":null,"url":"https://earthquake.usgs.gov/earthquakes/eventpage/tx2026qqihck","detail":"https://earthquake.usgs.gov/earthquakes/feed/v1.0/detail/tx2026qqihck.geojson","felt":null,"cdi":null,"mmi":null,"alert":null,"status":"reviewed","tsunami":0,"sig":35,"net":"tx","code":"2026qqihck","ids":",tx2026qqihck,","sources":",tx,","types":",origin,phase-data,","nst":34,"dmin":0,"rms":0.2,"gap":63,"magType":"ml","type":"earthquake","title":"M 1.5 - 56 km SSE of Whites City, New Mexico"},"geometry":{"type":"Point","coordinates":[-104.231,31.681,7.1381]},"id":"tx2026qqihck"},
{"type":"Feature","properties":{"mag":1.58,"place":"16 km NE of Milford, Utah","time":1787574038330,"updated":1787579956540,"tz":null,"url":"https://earthquake.usgs.gov/earthquakes/eventpage/uu80150151","detail":"https://earthquake.usgs.gov/earthquakes/feed/v1.0/detail/uu80150151.geojson","felt":null,"cdi":null,"mmi":null,"alert":null,"status":"reviewed","tsunami":0,"sig":38,"net":"uu","code":"80150151","ids":",uu80150151,","sources":",uu,","types":",origin,phase-data,","nst":19,"dmin":0.008438,"rms":0.12,"gap":45,"magType":"ml","type":"earthquake","title":"M 1.6 - 16 km NE of Milford, Utah"},"geometry":{"type":"Point","coordinates":[-112.8925,38.5175,1.74]},"id":"uu80150151"},
{"type":"Feature","properties":{"mag":1.27,"place":"16 km NE of Milford, Utah","time":1787573736950,"updated":1787580218670,"tz":null,"url":"https://earthquake.usgs.gov/earthquakes/eventpage/uu80150146","detail":"https://earthquake.usgs.gov/earthquakes/feed/v1.0/detail/uu80150146.geojson","felt":null,"cdi":null,"mmi":null,"alert":null,"status":"reviewed","tsunami":0,"sig":25,"net":"uu","code":"80150146","ids":",uu80150146,","sources":",uu,","types":",origin,phase-data,","nst":9,"dmin":0.009449,"rms":0.08,"gap":90,"magType":"md","type":"earthquake","title":"M 1.3 - 16 km NE of Milford, Utah"},"geometry":{"type":"Point","coordinates":[-112.89,38.5106666666667,1.96]},"id":"uu80150146"},
{"type":"Feature","properties":{"mag":2.06,"place":"10 km ENE of Coso Junction, CA","time":1787573479470,"updated":1787592199661,"tz":null,"url":"https://earthquake.usgs.gov/earthquakes/eventpage/ci41535088","detail":"https://earthquake.usgs.gov/earthquakes/feed/v1.0/detail/ci41535088.geojson","felt":null,"cdi":null,"mmi":null,"alert":null,"status":"reviewed","tsunami":0,"sig":65,"net":"ci","code":"41535088","ids":",ci41535088,nn00923807,","sources":",ci,nn,","types":",nearby-cities,origin,phase-data,scitech-link,","nst":30,"dmin":0.04782,"rms":0.13,"gap":42,"magType":"ml","type":"earthquake","title":"M 2.1 - 10 km ENE of Coso Junction, CA"},"geometry":{"type":"Point","coordinates":[-117.842833333333,36.0706666666667,2.49]},"id":"ci41535088"},
{"type":"Feature","properties":{"mag":1.68,"place":"5 km NNW of The Geysers, CA","time":1787573381410,"updated":1787582542859,"tz":null,"url":"https://earthquake.usgs.gov/earthquakes/eventpage/nc75424127","detail":"https://earthquake.usgs.gov/earthquakes/feed/v1.0/detail/nc75424127.geojson","felt":null,"cdi":null,"mmi":null,"alert":null,"status":"automatic","tsunami":0,"sig":43,"net":"nc","code":"75424127","ids":",nc75424127,","sources":",nc,","types":",focal-mechanism,nearby-cities,origin,phase-data,scitech-link,","nst":30,"dmin":0.00775,"rms":0.03,"gap":86,"magType":"md","type":"earthquake","title":"M 1.7 - 5 km NNW of The Geysers, CA"},"geometry":{"type":"Point","coordinates":[-122.78800201416,38.8185005187988,2.29999995231628]},"id":"nc75424127"},
{"type":"Feature","properties":{"mag":0.58,"place":"11 km ENE of Coso Junction, CA","time":1787573379690,"updated":1787579952898,"tz":null,"url":"https://earthquake.usgs.gov/earthquakes/eventpage/ci41535080","detail":"https://earthquake.usgs.gov/earthquakes/feed/v1.0/detail/ci41535080.geojson","felt":null,"cdi":null,"mmi":null,"alert":null,"status":"reviewed","tsunami":0,"sig":5,"net":"ci","code":"41535080","ids":",ci41535080,","sources":",ci,","types":",nearby-cities,origin,phase-data,","nst":17,"dmin":0.04813,"rms":0.11,"gap":59,"magType":"ml","type":"earthquake","title":"M 0.6 - 11 km ENE of Coso Junction, CA"},"geometry":{"type":"Point","coordinates":[-117.834833333333,36.0721666666667,2.75]},"id":"ci41535080"},
{"type":"Feature","properties":{"mag":0.64,"place":"28 km NNW of Searles Valley, CA","time":1787573317740,"updated":1787579964946,"tz":null,"url":"https://earthquake.usgs.gov/earthquakes/eventpage/ci41535072","detail":"https://earthquake.usgs.gov/earthquakes/feed/v1.0/detail/ci41535072.geojson","felt":null,"cdi":null,"mmi":null,"alert":null,"status":"reviewed","tsunami":0,"sig":6,"net":"ci","code":"41535072","ids":",ci41535072,","sources":",ci,","types":",nearby-cities,origin,phase-data,","nst":17,"dmin":0.07987,"rms":0.17,"gap":69,"magType":"ml","type":"earthquake","title":"M 0.6 - 28 km NNW of Searles Valley, CA"},"geometry":{"type":"Point","coordinates":[-117.5615,35.9823333333333,4.77]},"id":"ci41535072"},
{"type":"Feature","properties":{"mag":3.6,"place":"233 km ESE of Attu Station, Alaska","time":1787573061453,"updated":1787591569270,"tz":null,"url":"https://earthquake.usgs.gov/earthquakes/eventpage/aka2026qszhpu","detail":"https://earthquake.usgs.gov/earthquakes/feed/v1.0/detail/aka2026qszhpu.geojson","felt":null,"cdi":null,"mmi":1.452,"alert":null,"status":"reviewed","tsunami":0,"sig":199,"net":"ak","code":"a2026qszhpu","ids":",aka2026qszhpu,","sources":",ak,","types":",origin,phase-data,shakemap,","nst":12,"dmin":1.4,"rms":0.7,"gap":195,"magType":"ml","type":"earthquake","title":"M 3.6 - 233 km ESE of Attu Station, Alaska"},"geometry":{"type":"Point","coordinates":[176.292,51.953,17.9]},"id":"aka2026qszhpu"},
{"type":"Feature","properties":{"mag":0.03,"place":"17 km NE of Milford, Utah","time":1787572975130,"updated":1787580407100,"tz":null,"url":"https://earthquake.usgs.gov/earthquakes/eventpage/uu80150141","detail":"https://earthquake.usgs.gov/earthquakes/feed/v1.0/detail/uu80150141.geojson","felt":null,"cdi":null,"mmi":null,"alert":null,"status":"reviewed","tsunami":0,"sig":0,"net":"uu","code":"80150141","ids":",uu80150141,","sources":",uu,","types":",origin,phase-data,","nst":8,"dmin":0.01005,"rms":0.05,"gap":108,"magType":"md","type":"earthquake","title":"M 0.0 - 17 km NE of Milford, Utah"},"geometry":{"type":"Point","coordinates":[-112.886666666667,38.515,3]},"id":"uu80150141"},
{"type":"Feature","properties":{"mag":2.98,"place":"38 km NW of San Antonio, Puerto Rico","time":1787572833730,"updated":1787576275390,"tz":null,"url":"https://earthquake.usgs.gov/earthquakes/eventpage/pr71529618","detail":"https://earthquake.usgs.gov/earthquakes/feed/v1.0/detail/pr71529618.geojson","felt":null,"cdi":null,"mmi":null,"alert":null,"status":"reviewed","tsunami":0,"sig":137,"net":"pr","code":"71529618","ids":",pr71529618,","sources":",pr,","types":",origin,phase-data,","nst":9,"dmin":0.3614,"rms":0.25,"gap":274,"magType":"md","type":"earthquake","title":"M 3.0 - 38 km NW of San Antonio, Puerto Rico"},"geometry":{"type":"Point","coordinates":[-67.3421666666667,18.7565,11.07]},"id":"pr71529618"},
{"type":"Feature","properties":{"mag":0.1,"place":"15 km N of Warner Springs, CA","time":1787572529770,"updated":1787579969019,"tz":null,"url":"https://earthquake.usgs.gov/earthquakes/eventpage/ci41535064","detail":"https://earthquake.usgs.gov/earthquakes/feed/v1.0/detail/ci41535064.geojson","felt":null,"cdi":null,"mmi":null,"alert":null,"status":"reviewed","tsunami":0,"sig":0,"net":"ci","code":"41535064","ids":",ci41535064,","sources":",ci,","types":",nearby-cities,origin,phase-data,scitech-link,","nst":26,"dmin":0.08241,"rms":0.12,"gap":70,"magType":"ml","type":"earthquake","title":"M 0.1 - 15 km N of Warner Springs, CA"},"geometry":{"type":"Point","coordinates":[-116.640333333333,33.4185,6.52]},"id":"ci41535064"},
{"type":"Feature","properties":{"mag":1.86,"place":"14 km SW of Volcano, Hawaii","time":1787572354570,"updated":1787572564470,"tz":null,"url":"https://earthquake.usgs.gov/earthquakes/eventpage/hv75023142","detail":"https://earthquake.usgs.gov/earthquakes/feed/v1.0/detail/hv75023142.geojson","felt":null,"cdi":null,"mmi":null,"alert":null,"status":"automatic","tsunami":0,"sig":53,"net":"hv","code":"75023142","ids":",hv75023142,","sources":",hv,","types":",origin,phase-data,","nst":40,"dmin":0.01721,"rms":0.159999996,"gap":52,"magType":"md","type":"earthquake","title":"M 1.9 - 14 km SW of Volcano, Hawaii"},"geometry":{"type":"Point","coordinates":[-155.31916809082,19.3379993438721,29.2399997711182]},"id":"hv75023142"},
{"type":"Feature","properties":{"mag":1.09,"place":"16 km NE of Milford, Utah","time":1787572038310,"updated":1787581348780,"tz":null,"url":"https://earthquake.usgs.gov/earthquakes/eventpage/uu80150131","detail":"https://earthquake.usgs.gov/earthquakes/feed/v1.0/detail/uu80150131.geojson","felt":null,"cdi":null,"mmi":null,"alert":null,"status":"reviewed","tsunami":0,"sig":18,"net":"uu","code":"80150131","ids":",uu80150131,","sources":",uu,","types":",origin,phase-data,","nst":14,"dmin":0.007804,"rms":0.09,"gap":69,"magType":"ml","type":"earthquake","title":"M 1.1 - 16 km NE of Milford, Utah"},"geometry":{"type":"Point","coordinates":[-112.892333333333,38.5166666666667,2.04]},"id":"uu80150131"},
{"type":"Feature","properties":{"mag":1.44,"place":"16 km NE of Milford, Utah","time":1787571970040,"updated":1787583830860,"tz":null,"url":"https://earthquake.usgs.gov/earthquakes/eventpage/uu80150126","detail":"https://earthquake.usgs.gov/earthquakes/feed/v1.0/detail/uu80150126.geojson","felt":null,"cdi":null,"mmi":null,"alert":null,"status":"reviewed","tsunami":0,"sig":32,"net":"uu","code":"80150126","ids":",uu80150126,","sources":",uu,","types":",origin,phase-data,","nst":20,"dmin":0.006628,"rms":0.11,"gap":45,"magType":"ml","type":"earthquake","title":"M 1.4 - 16 km NE of Milford, Utah"},"geometry":{"type":"Point","coordinates":[-112.892833333333,38.5155,1.87]},"id":"uu80150126"},
{"type":"Feature","properties":{"mag":1.19,"place":"17 km NE of Milford, Utah","time":1787571556800,"updated":1787585085920,"tz":null,"url":"https://earthquake.usgs.gov/earthquakes/eventpage/uu80150121","detail":"https://earthquake.usgs.gov/earthquakes/feed/v1.0/detail/uu80150121.geojson","felt":null,"cdi":null,"mmi":null,"alert":null,"status":"reviewed","tsunami":0,"sig":22,"net":"uu","code":"80150121","ids":",uu80150121,","sources":",uu,","types":",origin,phase-data,","nst":8,"dmin":0.01022,"rms":0.05,"gap":117,"magType":"md","type":"earthquake","title":"M 1.2 - 17 km NE of Milford, Utah"},"geometry":{"type":"Point","coordinates":[-112.8935,38.5198333333333,1.89]},"id":"uu80150121"},
{"type":"Feature","properties":{"mag":0.72,"place":"11 km WNW of Cobb, CA","time":1787571535530,"updated":1787573240860,"tz":null,"url":"https://earthquake.usgs.gov/earthquakes/eventpage/nc75424122","detail":"https://earthquake.usgs.gov/earthquakes/feed/v1.0/detail/nc75424122.geojson","felt":null,"cdi":null,"mmi":null,"alert":null,"status":"automatic","tsunami":0,"sig":8,"net":"nc","code":"75424122","ids":",nc75424122,","sources":",nc,","types":",nearby-cities,origin,phase-data,scitech-link,","nst":11,"dmin":0.01589,"rms":0.02,"gap":113,"magType":"md","type":"earthquake","title":"M 0.7 - 11 km WNW of Cobb, CA"},"geometry":{"type":"Point","coordinates":[-122.849670410156,38.8499984741211,1.66999995708466]},"id":"nc75424122"},
{"type":"Feature","properties":{"mag":0.26,"place":"2 km N of The Geysers, CA","time":1787571180410,"updated":1787572344760,"tz":null,"url":"https://earthquake.usgs.gov/earthquakes/eventpage/nc75424117","detail":"https://earthquake.usgs.gov/earthquakes/feed/v1.0/detail/nc75424117.geojson","felt":null,"cdi":null,"mmi":null,"alert":null,"status":"automatic","tsunami":0,"sig":1,"net":"nc","code":"75424117","ids":",nc75424117,","sources":",nc,","types":",nearby-cities,origin,phase-data,scitech-link,","nst":8,"dmin":0.007793,"rms":0.02,"gap":74,"magType":"md","type":"earthquake","title":"M 0.3 - 2 km N of The Geysers, CA"},"geometry":{"type":"Point","coordinates":[-122.760330200195,38.7928352355957,2.17000007629395]},"id":"nc75424117"},
{"type":"Feature","properties":{"mag":0.22,"place":"11 km ENE of Coso Junction, CA","time":1787571106390,"updated":1787614712609,"tz":null,"url":"https://earthquake.usgs.gov/earthquakes/eventpage/ci10249558","detail":"https://earthquake.usgs.gov/earthquakes/feed/v1.0/detail/ci10249558.geojson","felt":null,"cdi":null,"mmi":null,"alert":null,"status":"reviewed","tsunami":0,"sig":1,"net":"ci","code":"10249558","ids":",ci10249558,","sources":",ci,","types":",nearby-cities,origin,phase-data,","nst":11,"dmin":0.05125,"rms":0.07,"gap":62,"magType":"ml","type":"earthquake","title":"M 0.2 - 11 km ENE of Coso Junction, CA"},"geometry":{"type":"Point","coordinates":[-117.834333333333,36.069,2.17]},"id":"ci10249558"},
{"type":"Feature","properties":{"mag":0.88,"place":"10 km E of Coso Junction, CA","time":1787571089140,"updated":1787579983805,"tz":null,"url":"https://earthquake.usgs.gov/earthquakes/eventpage/ci41535056","detail":"https://earthquake.usgs.gov/earthquakes/feed/v1.0/detail/ci41535056.geojson","felt":null,"cdi":null,"mmi":null,"alert":null,"status":"reviewed","tsunami":0,"sig":12,"net":"ci","code":"41535056","ids":",ci41535056,","sources":",ci,","types":",nearby-cities,origin,phase-data,","nst":18,"dmin":0.05833,"rms":0.1,"gap":65,"magType":"ml","type":"earthquake","title":"M 0.9 - 10 km E of Coso Junction, CA"},"geometry":{"type":"Point","coordinates":[-117.840333333333,36.0603333333333,2.67]},"id":"ci41535056"},
{"type":"Feature","properties":{"mag":2.6,"place":"19 km N of Pilot Point, Alaska","time":1787571077446,"updated":1787573649040,"tz":null,"url":"https://earthquake.usgs.gov/earthquakes/eventpage/aka2026qsyeyt","detail":"https://earthquake.usgs.gov/earthquakes/feed/v1.0/detail/aka2026qsyeyt.geojson","felt":null,"cdi":null,"mmi":null,"alert":null,"status":"automatic","tsunami":0,"sig":104,"net":"ak","code":"a2026qsyeyt","ids":",us6000tn3i,aka2026qsyeyt,","sources":",us,ak,","types":",origin,phase-data,","nst":63,"dmin":0.4,"rms":0.7,"gap":95,"magType":"ml","type":"earthquake","title":"M 2.6 - 19 km N of Pilot Point, Alaska"},"geometry":{"type":"Point","coordinates":[-157.549,57.735,189.9]},"id":"aka2026qsyeyt"},
{"type":"Feature","properties":{"mag":1.3,"place":"39 km ESE of Malaga, New Mexico","time":1787570802311,"updated":1787596067888,"tz":null,"url":"https://earthquake.usgs.gov/earthquakes/eventpage/tx2026qqgkix","detail":"https://earthquake.usgs.gov/earthquakes/feed/v1.0/detail/tx2026qqgkix.geojson","felt":null,"cdi":null,"mmi":null,"alert":null,"status":"reviewed","tsunami":0,"sig":26,"net":"tx","code":"2026qqgkix","ids":",tx2026qqgkix,","sources":",tx,","types":",origin,phase-data,","nst":10,"dmin":0,"rms":0.1,"gap":92,"magType":"ml","type":"earthquake","title":"M 1.3 - 39 km ESE of Malaga, New Mexico"},"geometry":{"type":"Point","coordinates":[-103.705,32.052,7.5354]},"id":"tx2026qqgkix"},
{"type":"Feature","properties":{"mag":2.7,"place":"92 km SE of Ugashik, Alaska","time":1787570670868,"updated":1787572417040,"tz":null,"url":"https://earthquake.usgs.gov/earthquakes/eventpage/aka2026qsxzcf","detail":"https://earthquake.usgs.gov/earthquakes/feed/v1.0/detail/aka2026qsxzcf.geojson","felt":null,"cdi":null,"mmi":null,"alert":null,"status":"automatic","tsunami":0,"sig":112,"net":"ak","code":"a2026qsxzcf","ids":",us6000tn3h,aka2026qsxzcf,","sources":",us,ak,","types":",origin,phase-data,","nst":40,"dmin":0.6,"rms":0.6,"gap":183,"magType":"ml","type":"earthquake","title":"M 2.7 - 92 km SE of Ugashik, Alaska"},"geometry":{"type":"Point","coordinates":[-156.153,57.026,5]},"id":"aka2026qsxzcf"},
{"type":"Feature","properties":{"mag":1.5,"place":"52 km SSW of Whites City, New Mexico","time":1787570599945,"updated":1787594041341,"tz":null,"url":"https://earthquake.usgs.gov/earthquakes/eventpage/tx2026qqghrp","detail":"https://earthquake.usgs.gov/earthquakes/feed/v1.0/detail/tx2026qqghrp.geojson","felt":null,"cdi":null,"mmi":null,"alert":null,"status":"reviewed","tsunami":0,"sig":35,"net":"tx","code":"2026qqghrp","ids":",tx2026qqghrp,","sources":",tx,","types":",origin,phase-data,","nst":21,"dmin":0,"rms":0.3,"gap":79,"magType":"ml","type":"earthquake","title":"M 1.5 - 52 km SSW of Whites City, New Mexico"},"geometry":{"type":"Point","coordinates":[-104.531,31.722,5.1257]},"id":"tx2026qqghrp"},
{"type":"Feature","properties":{"mag":0.56,"place":"10 km ENE of Coso Junction, CA","time":1787570331580,"updated":1787580000729,"tz":null,"url":"https://earthquake.usgs.gov/earthquakes/eventpage/ci41535048","detail":"https://earthquake.usgs.gov/earthquakes/feed/v1.0/detail/ci41535048.geojson","felt":null,"cdi":null,"mmi":null,"alert":null,"status":"reviewed","tsunami":0,"sig":5,"net":"ci","code":"41535048","ids":",ci41535048,","sources":",ci,","types":",nearby-cities,origin,phase-data,","nst":17,"dmin":0.04858,"rms":0.08,"gap":62,"magType":"ml","type":"earthquake","title":"M 0.6 - 10 km ENE of Coso Junction, CA"},"geometry":{"type":"Point","coordinates":[-117.838833333333,36.0706666666667,2.65]},"id":"ci41535048"},
{"type":"Feature","properties":{"mag":0.87,"place":"17 km NE of Milford, Utah","time":1787570115560,"updated":1787585313640,"tz":null,"url":"https://earthquake.usgs.gov/earthquakes/eventpage/uu80150111","detail":"https://earthquake.usgs.gov/earthquakes/feed/v1.0/detail/uu80150111.geojson","felt":null,"cdi":null,"mmi":null,"alert":null,"status":"reviewed","tsunami":0,"sig":12,"net":"uu","code":"80150111","ids":",uu80150111,","sources":",uu,","types":",origin,phase-data,","nst":10,"dmin":0.01833,"rms":0.05,"gap":115,"magType":"ml","type":"earthquake","title":"M 0.9 - 17 km NE of Milford, Utah"},"geometry":{"type":"Point","coordinates":[-112.890666666667,38.5196666666667,2.6]},"id":"uu80150111"},
{"type":"Feature","properties":{"mag":2.1,"place":"39 km ESE of Malaga, New Mexico","time":1787570058323,"updated":1787595582783,"tz":null,"url":"https://earthquake.usgs.gov/earthquakes/eventpage/tx2026qqfzxc","detail":"https://earthquake.usgs.gov/earthquakes/feed/v1.0/detail/tx2026qqfzxc.geojson","felt":null,"cdi":null,"mmi":null,"alert":null,"status":"reviewed","tsunami":0,"sig":68,"net":"tx","code":"2026qqfzxc","ids":",tx2026qqfzxc,","sources":",tx,","types":",origin,phase-data,","nst":28,"dmin":0,"rms":0.2,"gap":63,"magType":"ml","type":"earthquake","title":"M 2.1 - 39 km ESE of Malaga, New Mexico"},"geometry":{"type":"Point","coordinates":[-103.708,32.052,8.3813]},"id":"tx2026qqfzxc"},
{"type":"Feature","properties":{"mag":2.6,"place":"98 km ENE of Ouzinkie, Alaska","time":1787569679860,"updated":1787572065040,"tz":null,"url":"https://earthquake.usgs.gov/earthquakes/eventpage/aka2026qsxksj","detail":"https://earthquake.usgs.gov/earthquakes/feed/v1.0/detail/aka2026qsxksj.geojson","felt":null,"cdi":null,"mmi":null,"alert":null,"status":"automatic","tsunami":0,"sig":104,"net":"ak","code":"a2026qsxksj","ids":",us6000tn3e,aka2026qsxksj,","sources":",us,ak,","types":",origin,phase-data,","nst":59,"dmin":0.8,"rms":0.8,"gap":186,"magType":"ml","type":"earthquake","title":"M 2.6 - 98 km ENE of Ouzinkie, Alaska"},"geometry":{"type":"Point","coordinates":[-151.042,58.35,2.7]},"id":"aka2026qsxksj"},
{"type":"Feature","properties":{"mag":0.66,"place":"18 km NW of Ocotillo, CA","time":1787569651510,"updated":1787580004765,"tz":null,"url":"https://earthquake.usgs.gov/earthquakes/eventpage/ci41535040","detail":"https://earthquake.usgs.gov/earthquakes/feed/v1.0/detail/ci41535040.geojson","felt":null,"cdi":null,"mmi":null,"alert":null,"status":"reviewed","tsunami":0,"sig":7,"net":"ci","code":"41535040","ids":",ci41535040,","sources":",ci,","types":",nearby-cities,origin,phase-data,","nst":21,"dmin":0.05967,"rms":0.16,"gap":76,"magType":"ml","type":"earthquake","title":"M 0.7 - 18 km NW of Ocotillo, CA"},"geometry":{"type":"Point","coordinates":[-116.143666666667,32.837,10.55]},"id":"ci41535040"},
{"type":"Feature","properties":{"mag":3.1,"place":"50 km SSW of Whites City, New Mexico","time":1787569533704,"updated":1787583575504,"tz":null,"url":"https://earthquake.usgs.gov/earthquakes/eventpage/tx2026qqfrzq","detail":"https://earthquake.usgs.gov/earthquakes/feed/v1.0/detail/tx2026qqfrzq.geojson","felt":null,"cdi":null,"mmi":null,"alert":null,"status":"reviewed","tsunami":0,"sig":148,"net":"tx","code":"2026qqfrzq","ids":",us6000tn3d,tx2026qqfrzq,","sources":",us,tx,","types":",origin,phase-data,","nst":47,"dmin":0,"rms":0.3,"gap":65,"magType":"ml","type":"earthquake","title":"M 3.1 - 50 km SSW of Whites City, New Mexico"},"geometry":{"type":"Point","coordinates":[-104.541,31.739,6.0486]},"id":"tx2026qqfrzq"},
{"type":"Feature","properties":{"mag":1.6,"place":"49 km NW of Rampart, Alaska","time":1787569107224,"updated":1787569180716,"tz":null,"url":"https://earthquake.usgs.gov/earthquakes/eventpage/aka2026qsxcmg","detail":"https://earthquake.usgs.gov/earthquakes/feed/v1.0/detail/aka2026qsxcmg.geojson","felt":null,"cdi":null,"mmi":null,"alert":null,"status":"automatic","tsunami":0,"sig":39,"net":"ak","code":"a2026qsxcmg","ids":",aka2026qsxcmg,","sources":",ak,","types":",origin,phase-data,","nst":11,"dmin":0.2,"rms":0.3,"gap":83,"magType":"ml","type":"earthquake","title":"M 1.6 - 49 km NW of Rampart, Alaska"},"geometry":{"type":"Point","coordinates":[-150.841,65.853,4]},"id":"aka2026qsxcmg"},
{"type":"Feature","properties":{"mag":-0.02,"place":"9 km ENE of Coso Junction, CA","time":1787568940190,"updated":1787614513537,"tz":null,"url":"https://earthquake.usgs.gov/earthquakes/eventpage/ci10249574","detail":"https://earthquake.usgs.gov/earthquakes/feed/v1.0/detail/ci10249574.geojson","felt":null,"cdi":null,"mmi":null,"alert":null,"status":"reviewed","tsunami":0,"sig":0,"net":"ci","code":"10249574","ids":",ci10249574,","sources":",ci,","types":",nearby-cities,origin,phase-data,","nst":5,"dmin":0.04808,"rms":0.04,"gap":149,"magType":"ml","type":"earthquake","title":"M 0.0 - 9 km ENE of Coso Junction, CA"},"geometry":{"type":"Point","coordinates":[-117.851,36.0695,5.44]},"id":"ci10249574"},
{"type":"Feature","properties":{"mag":0.65,"place":"17 km W of Searles Valley, CA","time":1787568919700,"updated":1787613655032,"tz":null,"url":"https://earthquake.usgs.gov/earthquakes/eventpage/ci10249566","detail":"https://earthquake.usgs.gov/earthquakes/feed/v1.0/detail/ci10249566.geojson","felt":null,"cdi":null,"mmi":null,"alert":null,"status":"reviewed","tsunami":0,"sig":6,"net":"ci","code":"10249566","ids":",ci10249566,","sources":",ci,","types":",nearby-cities,origin,phase-data,","nst":10,"dmin":0.05286,"rms":0.1,"gap":117,"magType":"ml","type":"earthquake","title":"M 0.7 - 17 km W of Searles Valley, CA"},"geometry":{"type":"Point","coordinates":[-117.594166666667,35.7628333333333,6.57]},"id":"ci10249566"},
{"type":"Feature","properties":{"mag":0.86,"place":"10 km ENE of Coso Junction, CA","time":1787568910020,"updated":1787613968126,"tz":null,"url":"https://earthquake.usgs.gov/earthquakes/eventpage/ci41535032","detail":"https://earthquake.usgs.gov/earthquakes/feed/v1.0/detail/ci41535032.geojson","felt":null,"cdi":null,"mmi":null,"alert":null,"status":"reviewed","tsunami":0,"sig":11,"net":"ci","code":"41535032","ids":",ci41535032,","sources":",ci,","types":",nearby-cities,origin,phase-data,","nst":15,"dmin":0.04983,"rms":0.07,"gap":58,"magType":"ml","type":"earthquake","title":"M 0.9 - 10 km ENE of Coso Junction, CA"},"geometry":{"type":"Point","coordinates":[-117.839,36.0693333333333,3.27]},"id":"ci41535032"},
{"type":"Feature","properties":{"mag":1.7,"place":"60 km SE of Pedro Bay, Alaska","time":1787568059875,"updated":1787622158710,"tz":null,"url":"https://earthquake.usgs.gov/earthquakes/eventpage/aka2026qswnig","detail":"https://earthquake.usgs.gov/earthquakes/feed/v1.0/detail/aka2026qswnig.geojson","felt":null,"cdi":null,"mmi":null,"alert":null,"status":"automatic","tsunami":0,"sig":44,"net":"ak","code":"a2026qswnig","ids":",av94401083,av93066199,aka2026qswnig,","sources":",av,av,ak,","types":",origin,phase-data,","nst":8,"dmin":0,"rms":0.2,"gap":79,"magType":"ml","type":"earthquake","title":"M 1.7 - 60 km SE of Pedro Bay, Alaska"},"geometry":{"type":"Point","coordinates":[-153.44,59.363,5]},"id":"aka2026qswnig"},
{"type":"Feature","properties":{"mag":1.85,"place":"10 km ENE of Coso Junction, CA","time":1787567894770,"updated":1787580082686,"tz":null,"url":"https://earthquake.usgs.gov/earthquakes/eventpage/ci41535016","detail":"https://earthquake.usgs.gov/earthquakes/feed/v1.0/detail/ci41535016.geojson","felt":null,"cdi":null,"mmi":null,"alert":null,"status":"reviewed","tsunami":0,"sig":53,"net":"ci","code":"41535016","ids":",ci41535016,","sources":",ci,","types":",nearby-cities,origin,phase-data,scitech-link,","nst":29,"dmin":0.05085,"rms":0.15,"gap":50,"magType":"ml","type":"earthquake","title":"M 1.9 - 10 km ENE of Coso Junction, CA"},"geometry":{"type":"Point","coordinates":[-117.838,36.0685,2.71]},"id":"ci41535016"},
{"type":"Feature","properties":{"mag":1.98,"place":"10 km ENE of Coso Junction, CA","time":1787567575290,"updated":1787580104236,"tz":null,"url":"https://earthquake.usgs.gov/earthquakes/eventpage/ci41535008","detail":"https://earthquake.usgs.gov/earthquakes/feed/v1.0/detail/ci41535008.geojson","felt":null,"cdi":null,"mmi":null,"alert":null,"status":"reviewed","tsunami":0,"sig":60,"net":"ci","code":"41535008","ids":",ci41535008,","sources":",ci,","types":",nearby-cities,origin,phase-data,scitech-link,","nst":29,"dmin":0.05069,"rms":0.15,"gap":50,"magType":"ml","type":"earthquake","title":"M 2.0 - 10 km ENE of Coso Junction, CA"},"geometry":{"type":"Point","coordinates":[-117.8395,36.0683333333333,2.74]},"id":"ci41535008"},
{"type":"Feature","properties":{"mag":0.76,"place":"10 km ENE of Coso Junction, CA","time":1787567381800,"updated":1787580106515,"tz":null,"url":"https://earthquake.usgs.gov/earthquakes/eventpage/ci41535000","detail":"https://earthquake.usgs.gov/earthquakes/feed/v1.0/detail/ci41535000.geojson","felt":null,"cdi":null,"mmi":null,"alert":null,"status":"reviewed","tsunami":0,"sig":9,"net":"ci","code":"41535000","ids":",ci41535000,","sources":",ci,","types":",nearby-cities,origin,phase-data,","nst":19,"dmin":0.05548,"rms":0.12,"gap":60,"magType":"ml","type":"earthquake","title":"M 0.8 - 10 km ENE of Coso Junction, CA"},"geometry":{"type":"Point","coordinates":[-117.8345,36.0645,2.83]},"id":"ci41535000"},
{"type":"Feature","properties":{"mag":0.98,"place":"10 km ENE of Coso Junction, CA","time":1787567201650,"updated":1787580114625,"tz":null,"url":"https://earthquake.usgs.gov/earthquakes/eventpage/ci41534992","detail":"https://earthquake.usgs.gov/earthquakes/feed/v1.0/detail/ci41534992.geojson","felt":null,"cdi":null,"mmi":null,"alert":null,"status":"reviewed","tsunami":0,"sig":15,"net":"ci","code":"41534992","ids":",ci41534992,","sources":",ci,","types":",nearby-cities,origin,phase-data,","nst":20,"dmin":0.04872,"rms":0.13,"gap":65,"magType":"ml","type":"earthquake","title":"M 1.0 - 10 km ENE of Coso Junction, CA"},"geometry":{"type":"Point","coordinates":[-117.842333333333,36.0698333333333,2.18]},"id":"ci41534992"},
{"type":"Feature","properties":{"mag":0.73,"place":"4 km W of Cobb, CA","time":1787567137660,"updated":1787567236229,"tz":null,"url":"https://earthquake.usgs.gov/earthquakes/eventpage/nc75424097","detail":"https://earthquake.usgs.gov/earthquakes/feed/v1.0/detail/nc75424097.geojson","felt":null,"cdi":null,"mmi":null,"alert":null,"status":"automatic","tsunami":0,"sig":8,"net":"nc","code":"75424097","ids":",nc75424097,","sources":",nc,","types":",nearby-cities,origin,phase-data,","nst":7,"dmin":0.005307,"rms":0.01,"gap":141,"magType":"md","type":"earthquake","title":"M 0.7 - 4 km W of Cobb, CA"},"geometry":{"type":"Point","coordinates":[-122.765167236328,38.8266677856445,1.96000003814697]},"id":"nc75424097"},
{"type":"Feature","properties":{"mag":4.9,"place":"218 km ENE of Neiafu, Tonga","time":1787566783962,"updated":1787568372040,"tz":null,"url":"https://earthquake.usgs.gov/earthquakes/eventpage/us6000tn37","detail":"https://earthquake.usgs.gov/earthquakes/feed/v1.0/detail/us6000tn37.geojson","felt":null,"cdi":null,"mmi":null,"alert":null,"status":"reviewed","tsunami":0,"sig":369,"net":"us","code":"6000tn37","ids":",us6000tn37,","sources":",us,","types":",origin,phase-data,","nst":30,"dmin":19.783,"rms":0.75,"gap":154,"magType":"mb","type":"earthquake","title":"M 4.9 - 218 km ENE of Neiafu, Tonga"},"geometry":{"type":"Point","coordinates":[-171.9977,-18.1013,10]},"id":"us6000tn37"},
{"type":"Feature","properties":{"mag":0.91,"place":"17 km NE of Milford, Utah","time":1787566634380,"updated":1787592181460,"tz":null,"url":"https://earthquake.usgs.gov/earthquakes/eventpage/uu80150101","detail":"https://earthquake.usgs.gov/earthquakes/feed/v1.0/detail/uu80150101.geojson","felt":null,"cdi":null,"mmi":null,"alert":null,"status":"reviewed","tsunami":0,"sig":13,"net":"uu","code":"80150101","ids":",uu80150101,","sources":",uu,","types":",origin,phase-data,","nst":14,"dmin":0.0109,"rms":0.09,"gap":70,"magType":"ml","type":"earthquake","title":"M 0.9 - 17 km NE of Milford, Utah"},"geometry":{"type":"Point","coordinates":[-112.893333333333,38.5205,1.78]},"id":"uu80150101"},
{"type":"Feature","properties":{"mag":1.9,"place":"62 km N of Chickaloon, Alaska","time":1787566305404,"updated":1787566406074,"tz":null,"url":"https://earthquake.usgs.gov/earthquakes/eventpage/aka2026qsvnyk","detail":"https://earthquake.usgs.gov/earthquakes/feed/v1.0/detail/aka2026qsvnyk.geojson","felt":null,"cdi":null,"mmi":null,"alert":null,"status":"automatic","tsunami":0,"sig":56,"net":"ak","code":"a2026qsvnyk","ids":",aka2026qsvnyk,","sources":",ak,","types":",origin,phase-data,","nst":44,"dmin":0.6,"rms":0.8,"gap":43,"magType":"ml","type":"earthquake","title":"M 1.9 - 62 km N of Chickaloon, Alaska"},"geometry":{"type":"Point","coordinates":[-148.562,62.354,15.1]},"id":"aka2026qsvnyk"},
{"type":"Feature","properties":{"mag":1.05,"place":"6 km NW of The Geysers, CA","time":1787566304060,"updated":1787566401102,"tz":null,"url":"https://earthquake.usgs.gov/earthquakes/eventpage/nc75424092","detail":"https://earthquake.usgs.gov/earthquakes/feed/v1.0/detail/nc75424092.geojson","felt":null,"cdi":null,"mmi":null,"alert":null,"status":"automatic","tsunami":0,"sig":17,"net":"nc","code":"75424092","ids":",nc75424092,","sources":",nc,","types":",nearby-cities,origin,phase-data,","nst":18,"dmin":0.007159,"rms":0.01,"gap":57,"magType":"md","type":"earthquake","title":"M 1.1 - 6 km NW of The Geysers, CA"},"geometry":{"type":"Point","coordinates":[-122.802833557129,38.8190002441406,2.40000009536743]},"id":"nc75424092"},
{"type":"Feature","properties":{"mag":1.61,"place":"10 km ENE of Coso Junction, CA","time":1787566102940,"updated":1787580110651,"tz":null,"url":"https://earthquake.usgs.gov/earthquakes/eventpage/ci41534984","detail":"https://earthquake.usgs.gov/earthquakes/feed/v1.0/detail/ci41534984.geojson","felt":null,"cdi":null,"mmi":null,"alert":null,"status":"reviewed","tsunami":0,"sig":40,"net":"ci","code":"41534984","ids":",ci41534984,","sources":",ci,","types":",nearby-cities,origin,phase-data,scitech-link,","nst":27,"dmin":0.05073,"rms":0.14,"gap":50,"magType":"ml","type":"earthquake","title":"M 1.6 - 10 km ENE of Coso Junction, CA"},"geometry":{"type":"Point","coordinates":[-117.840166666667,36.0681666666667,2.71]},"id":"ci41534984"},
{"type":"Feature","properties":{"mag":1.6,"place":"50 km N of Chase, Alaska","time":1787565870527,"updated":1787565951119,"tz":null,"url":"https://earthquake.usgs.gov/earthquakes/eventpage/aka2026qsvhsc","detail":"https://earthquake.usgs.gov/earthquakes/feed/v1.0/detail/aka2026qsvhsc.geojson","felt":null,"cdi":null,"mmi":null,"alert":null,"status":"automatic","tsunami":0,"sig":39,"net":"ak","code":"a2026qsvhsc","ids":",aka2026qsvhsc,","sources":",ak,","types":",origin,phase-data,","nst":26,"dmin":0.5,"rms":0.5,"gap":50,"magType":"ml","type":"earthquake","title":"M 1.6 - 50 km N of Chase, Alaska"},"geometry":{"type":"Point","coordinates":[-150.065,62.899,81.5]},"id":"aka2026qsvhsc"},
{"type":"Feature","properties":{"mag":5.5,"place":"207 km SSE of Amahai, Indonesia","time":1787565778888,"updated":1787573495344,"tz":null,"url":"https://earthquake.usgs.gov/earthquakes/eventpage/us6000tn33","detail":"https://earthquake.usgs.gov/earthquakes/feed/v1.0/detail/us6000tn33.geojson","felt":null,"cdi":null,"mmi":3.749,"alert":"green","status":"reviewed","tsunami":0,"sig":465,"net":"us","code":"6000tn33","ids":",us6000tn33,","sources":",us,","types":",losspager,moment-tensor,origin,phase-data,shakemap,","nst":79,"dmin":0.569,"rms":1.02,"gap":27,"magType":"mww","type":"earthquake","title":"M 5.5 - 207 km SSE of Amahai, Indonesia"},"geometry":{"type":"Point","coordinates":[129.6871,-5.0525,10]},"id":"us6000tn33"},
{"type":"Feature","properties":{"mag":0.01,"place":"66 km NE of Nikolski, Alaska","time":1787565291620,"updated":1787620447850,"tz":null,"url":"https://earthquake.usgs.gov/earthquakes/eventpage/av93066194","detail":"https://earthquake.usgs.gov/earthquakes/feed/v1.0/detail/av93066194.geojson","felt":null,"cdi":null,"mmi":null,"alert":null,"status":"reviewed","tsunami":0,"sig":0,"net":"av","code":"93066194","ids":",av93066194,","sources":",av,","types":",origin,phase-data,","nst":8,"dmin":0.002536,"rms":0.26,"gap":138,"magType":"ml","type":"earthquake","title":"M 0.0 - 66 km NE of Nikolski, Alaska"},"geometry":{"type":"Point","coordinates":[-168.1635,53.3588333333333,7.2]},"id":"av93066194"},
{"type":"Feature","properties":{"mag":0.9,"place":"16 km NE of Milford, Utah","time":1787564703500,"updated":1787590869660,"tz":null,"url":"https://earthquake.usgs.gov/earthquakes/eventpage/uu80150081","detail":"https://earthquake.usgs.gov/earthquakes/feed/v1.0/detail/uu80150081.geojson","felt":null,"cdi":null,"mmi":null,"alert":null,"status":"reviewed","tsunami":0,"sig":12,"net":"uu","code":"80150081","ids":",uu80150081,","sources":",uu,","types":",origin,phase-data,","nst":10,"dmin":0.02016,"rms":0.04,"gap":71,"magType":"md","type":"earthquake","title":"M 0.9 - 16 km NE of Milford, Utah"},"geometry":{"type":"Point","coordinates":[-112.897166666667,38.52,2.02]},"id":"uu80150081"},
{"type":"Feature","properties":{"mag":0.27,"place":"12 km NE of Julian, CA","time":1787564505840,"updated":1787580102620,"tz":null,"url":"https://earthquake.usgs.gov/earthquakes/eventpage/ci41534976","detail":"https://earthquake.usgs.gov/earthquakes/feed/v1.0/detail/ci41534976.geojson","felt":null,"cdi":null,"mmi":null,"alert":null,"status":"reviewed","tsunami":0,"sig":1,"net":"ci","code":"41534976","ids":",ci41534976,","sources":",ci,","types":",nearby-cities,origin,phase-data,","nst":28,"dmin":0.1004,"rms":0.18,"gap":44,"magType":"ml","type":"earthquake","title":"M 0.3 - 12 km NE of Julian, CA"},"geometry":{"type":"Point","coordinates":[-116.517333333333,33.1556666666667,6.01]},"id":"ci41534976"},
{"type":"Feature","properties":{"mag":2.78,"place":"19 km SW of Toms Place, CA","time":1787564380640,"updated":1787590300334,"tz":null,"url":"https://earthquake.usgs.gov/earthquakes/eventpage/nc75424082","detail":"https://earthquake.usgs.gov/earthquakes/feed/v1.0/detail/nc75424082.geojson","felt":null,"cdi":null,"mmi":null,"alert":null,"status":"automatic","tsunami":0,"sig":119,"net":"nc","code":"75424082","ids":",nc75424082,nn00923799,","sources":",nc,nn,","types":",focal-mechanism,nearby-cities,origin,phase-data,scitech-link,","nst":28,"dmin":0.1443,"rms":0.06,"gap":96,"magType":"md","type":"earthquake","title":"M 2.8 - 19 km SW of Toms Place, CA"},"geometry":{"type":"Point","coordinates":[-118.832832336426,37.445499420166,2.04999995231628]},"id":"nc75424082"},
{"type":"Feature","properties":{"mag":1.4,"place":"54 km WNW of Skwentna, Alaska","time":1787564355875,"updated":1787564422707,"tz":null,"url":"https://earthquake.usgs.gov/earthquakes/eventpage/aka2026qsulve","detail":"https://earthquake.usgs.gov/earthquakes/feed/v1.0/detail/aka2026qsulve.geojson","felt":null,"cdi":null,"mmi":null,"alert":null,"status":"automatic","tsunami":0,"sig":30,"net":"ak","code":"a2026qsulve","ids":",aka2026qsulve,","sources":",ak,","types":",origin,phase-data,","nst":9,"dmin":0.4,"rms":0.4,"gap":171,"magType":"ml","type":"earthquake","title":"M 1.4 - 54 km WNW of Skwentna, Alaska"},"geometry":{"type":"Point","coordinates":[-152.29,62.246,5]},"id":"aka2026qsulve"},
{"type":"Feature","properties":{"mag":1.35,"place":"17 km NW of Parkfield, CA","time":1787564325300,"updated":1787568743384,"tz":null,"url":"https://earthquake.usgs.gov/earthquakes/eventpage/nc75424077","detail":"https://earthquake.usgs.gov/earthquakes/feed/v1.0/detail/nc75424077.geojson","felt":null,"cdi":null,"mmi":null,"alert":null,"status":"automatic","tsunami":0,"sig":28,"net":"nc","code":"75424077","ids":",nc75424077,","sources":",nc,","types":",nearby-cities,origin,phase-data,scitech-link,","nst":17,"dmin":0.02622,"rms":0.07,"gap":97,"magType":"md","type":"earthquake","title":"M 1.4 - 17 km NW of Parkfield, CA"},"geometry":{"type":"Point","coordinates":[-120.568336486816,36.0043334960938,3.11999988555908]},"id":"nc75424077"},
{"type":"Feature","properties":{"mag":1.5,"place":"8 km WSW of Point MacKenzie, Alaska","time":1787563922437,"updated":1787564016269,"tz":null,"url":"https://earthquake.usgs.gov/earthquakes/eventpage/aka2026qsufnu","detail":"https://earthquake.usgs.gov/earthquakes/feed/v1.0/detail/aka2026qsufnu.geojson","felt":null,"cdi":null,"mmi":null,"alert":null,"status":"automatic","tsunami":0,"sig":35,"net":"ak","code":"a2026qsufnu","ids":",aka2026qsufnu,","sources":",ak,","types":",origin,phase-data,","nst":25,"dmin":0.2,"rms":0.8,"gap":99,"magType":"ml","type":"earthquake","title":"M 1.5 - 8 km WSW of Point MacKenzie, Alaska"},"geometry":{"type":"Point","coordinates":[-150.141,61.343,49.3]},"id":"aka2026qsufnu"},
{"type":"Feature","properties":{"mag":1.03,"place":"16 km NE of Milford, Utah","time":1787563738190,"updated":1787590685580,"tz":null,"url":"https://earthquake.usgs.gov/earthquakes/eventpage/uu80150076","detail":"https://earthquake.usgs.gov/earthquakes/feed/v1.0/detail/uu80150076.geojson","felt":null,"cdi":null,"mmi":null,"alert":null,"status":"reviewed","tsunami":0,"sig":16,"net":"uu","code":"80150076","ids":",uu80150076,","sources":",uu,","types":",origin,phase-data,","nst":5,"dmin":0.0113,"rms":0.02,"gap":155,"magType":"md","type":"earthquake","title":"M 1.0 - 16 km NE of Milford, Utah"},"geometry":{"type":"Point","coordinates":[-112.872666666667,38.5043333333333,0.21]},"id":"uu80150076"},
{"type":"Feature","properties":{"mag":0.72,"place":"10 km ENE of Coso Junction, CA","time":1787563375630,"updated":1787580136415,"tz":null,"url":"https://earthquake.usgs.gov/earthquakes/eventpage/ci41534960","detail":"https://earthquake.usgs.gov/earthquakes/feed/v1.0/detail/ci41534960.geojson","felt":null,"cdi":null,"mmi":null,"alert":null,"status":"reviewed","tsunami":0,"sig":8,"net":"ci","code":"41534960","ids":",ci41534960,","sources":",ci,","types":",nearby-cities,origin,phase-data,","nst":17,"dmin":0.04895,"rms":0.1,"gap":64,"magType":"ml","type":"earthquake","title":"M 0.7 - 10 km ENE of Coso Junction, CA"},"geometry":{"type":"Point","coordinates":[-117.841,36.0698333333333,2]},"id":"ci41534960"},
{"type":"Feature","properties":{"mag":1.45,"place":"15 km SSW of Cane Beds, Arizona","time":1787563170260,"updated":1787590582990,"tz":null,"url":"https://earthquake.usgs.gov/earthquakes/eventpage/uu80150071","detail":"https://earthquake.usgs.gov/earthquakes/feed/v1.0/detail/uu80150071.geojson","felt":null,"cdi":null,"mmi":null,"alert":null,"status":"reviewed","tsunami":0,"sig":32,"net":"uu","code":"80150071","ids":",uu80150071,","sources":",uu,","types":",origin,phase-data,","nst":9,"dmin":0.2237,"rms":0.06,"gap":168,"magType":"ml","type":"earthquake","title":"M 1.5 - 15 km SSW of Cane Beds, Arizona"},"geometry":{"type":"Point","coordinates":[-112.930166666667,36.81,16.65]},"id":"uu80150071"},
{"type":"Feature","properties":{"mag":1.83,"place":"10 km ENE of Coso Junction, CA","time":1787563025590,"updated":1787580140581,"tz":null,"url":"https://earthquake.usgs.gov/earthquakes/eventpage/ci41534952","detail":"https://earthquake.usgs.gov/earthquakes/feed/v1.0/detail/ci41534952.geojson","felt":null,"cdi":null,"mmi":null,"alert":null,"status":"reviewed","tsunami":0,"sig":52,"net":"ci","code":"41534952","ids":",ci41534952,","sources":",ci,","types":",nearby-cities,origin,phase-data,scitech-link,","nst":29,"dmin":0.04864,"rms":0.13,"gap":47,"magType":"ml","type":"earthquake","title":"M 1.8 - 10 km ENE of Coso Junction, CA"},"geometry":{"type":"Point","coordinates":[-117.845,36.0695,2.25]},"id":"ci41534952"},
{"type":"Feature","properties":{"mag":1.8,"place":"42 km WNW of Tatitlek, Alaska","time":1787562280657,"updated":1787562360005,"tz":null,"url":"https://earthquake.usgs.gov/earthquakes/eventpage/aka2026qsthvd","detail":"https://earthquake.usgs.gov/earthquakes/feed/v1.0/detail/aka2026qsthvd.geojson","felt":null,"cdi":null,"mmi":null,"alert":null,"status":"automatic","tsunami":0,"sig":50,"net":"ak","code":"a2026qsthvd","ids":",aka2026qsthvd,","sources":",ak,","types":",origin,phase-data,","nst":32,"dmin":0.2,"rms":0.8,"gap":52,"magType":"ml","type":"earthquake","title":"M 1.8 - 42 km WNW of Tatitlek, Alaska"},"geometry":{"type":"Point","coordinates":[-147.414,61.001,27.4]},"id":"aka2026qsthvd"},
{"type":"Feature","properties":{"mag":2.25,"place":"19 km SW of Toms Place, CA","time":1787561858290,"updated":1787592010422,"tz":null,"url":"https://earthquake.usgs.gov/earthquakes/eventpage/nc75424047","detail":"https://earthquake.usgs.gov/earthquakes/feed/v1.0/detail/nc75424047.geojson","felt":null,"cdi":null,"mmi":null,"alert":null,"status":"automatic","tsunami":0,"sig":78,"net":"nc","code":"75424047","ids":",nc75424047,nn00923796,","sources":",nc,nn,","types":",nearby-cities,origin,phase-data,scitech-link,","nst":24,"dmin":0.1413,"rms":0.07,"gap":99,"magType":"md","type":"earthquake","title":"M 2.3 - 19 km SW of Toms Place, CA"},"geometry":{"type":"Point","coordinates":[-118.833831787109,37.4485015869141,2.86999988555908]},"id":"nc75424047"},
{"type":"Feature","properties":{"mag":2.15,"place":"18 km SW of Toms Place, CA","time":1787561774310,"updated":1787592388178,"tz":null,"url":"https://earthquake.usgs.gov/earthquakes/eventpage/nc75424042","detail":"https://earthquake.usgs.gov/earthquakes/feed/v1.0/detail/nc75424042.geojson","felt":null,"cdi":null,"mmi":null,"alert":null,"status":"automatic","tsunami":0,"sig":71,"net":"nc","code":"75424042","ids":",nc75424042,nn00923795,","sources":",nc,nn,","types":",focal-mechanism,nearby-cities,origin,phase-data,scitech-link,","nst":23,"dmin":0.1408,"rms":0.06,"gap":99,"magType":"md","type":"earthquake","title":"M 2.2 - 18 km SW of Toms Place, CA"},"geometry":{"type":"Point","coordinates":[-118.832168579102,37.4490013122559,1.89999997615814]},"id":"nc75424042"},
{"type":"Feature","properties":{"mag":2.69,"place":"4 km W of Walker, CA","time":1787561693810,"updated":1787623487734,"tz":null,"url":"https://earthquake.usgs.gov/earthquakes/eventpage/nc75424037","detail":"https://earthquake.usgs.gov/earthquakes/feed/v1.0/detail/nc75424037.geojson","felt":null,"cdi":null,"mmi":null,"alert":null,"status":"automatic","tsunami":0,"sig":111,"net":"nc","code":"75424037","ids":",nc75424037,nn00923793,","sources":",nc,nn,","types":",nearby-cities,origin,phase-data,scitech-link,","nst":27,"dmin":0.06712,"rms":0.2,"gap":64,"magType":"md","type":"earthquake","title":"M 2.7 - 4 km W of Walker, CA"},"geometry":{"type":"Point","coordinates":[-119.522163391113,38.5188331604004,6.09000015258789]},"id":"nc75424037"},
{"type":"Feature","properties":{"mag":1.2,"place":"28 km S of Malaga, New Mexico","time":1787561348399,"updated":1787595823461,"tz":null,"url":"https://earthquake.usgs.gov/earthquakes/eventpage/tx2026qqbeux","detail":"https://earthquake.usgs.gov/earthquakes/feed/v1.0/detail/tx2026qqbeux.geojson","felt":null,"cdi":null,"mmi":null,"alert":null,"status":"reviewed","tsunami":0,"sig":22,"net":"tx","code":"2026qqbeux","ids":",tx2026qqbeux,","sources":",tx,","types":",origin,phase-data,","nst":14,"dmin":0,"rms":0.1,"gap":85,"magType":"ml","type":"earthquake","title":"M 1.2 - 28 km S of Malaga, New Mexico"},"geometry":{"type":"Point","coordinates":[-104.036,31.967,6.5485]},"id":"tx2026qqbeux"},
{"type":"Feature","properties":{"mag":1.61,"place":"16 km NE of Milford, Utah","time":1787561257260,"updated":1787592627230,"tz":null,"url":"https://earthquake.usgs.gov/earthquakes/eventpage/uu80150056","detail":"https://earthquake.usgs.gov/earthquakes/feed/v1.0/detail/uu80150056.geojson","felt":null,"cdi":null,"mmi":null,"alert":null,"status":"reviewed","tsunami":0,"sig":40,"net":"uu","code":"80150056","ids":",uu80150056,","sources":",uu,","types":",origin,phase-data,","nst":9,"dmin":0.01793,"rms":0.07,"gap":117,"magType":"ml","type":"earthquake","title":"M 1.6 - 16 km NE of Milford, Utah"},"geometry":{"type":"Point","coordinates":[-112.893666666667,38.5186666666667,2.49]},"id":"uu80150056"},
{"type":"Feature","properties":{"mag":1.52,"place":"16 km NE of Milford, Utah","time":1787561166250,"updated":1787592912760,"tz":null,"url":"https://earthquake.usgs.gov/earthquakes/eventpage/uu80150051","detail":"https://earthquake.usgs.gov/earthquakes/feed/v1.0/detail/uu80150051.geojson","felt":null,"cdi":null,"mmi":null,"alert":null,"status":"reviewed","tsunami":0,"sig":36,"net":"uu","code":"80150051","ids":",uu80150051,","sources":",uu,","types":",origin,phase-data,","nst":18,"dmin":0.008028,"rms":0.11,"gap":44,"magType":"ml","type":"earthquake","title":"M 1.5 - 16 km NE of Milford, Utah"},"geometry":{"type":"Point","coordinates":[-112.890833333333,38.516,1.92]},"id":"uu80150051"},
{"type":"Feature","properties":{"mag":2.35,"place":"21 km SSE of Craig, Montana","time":1787560967390,"updated":1787616528000,"tz":null,"url":"https://earthquake.usgs.gov/earthquakes/eventpage/mb90205918","detail":"https://earthquake.usgs.gov/earthquakes/feed/v1.0/detail/mb90205918.geojson","felt":null,"cdi":null,"mmi":null,"alert":null,"status":"reviewed","tsunami":0,"sig":85,"net":"mb","code":"90205918","ids":",mb90205918,","sources":",mb,","types":",origin,phase-data,","nst":13,"dmin":0.1828,"rms":0.19,"gap":191,"magType":"ml","type":"earthquake","title":"M 2.4 - 21 km SSE of Craig, Montana"},"geometry":{"type":"Point","coordinates":[-111.886333333333,46.8901666666667,3.89]},"id":"mb90205918"},
{"type":"Feature","properties":{"mag":0.61,"place":"15 km NNW of Ocotillo Wells, CA","time":1787560774320,"updated":1787580144560,"tz":null,"url":"https://earthquake.usgs.gov/earthquakes/eventpage/ci41534944","detail":"https://earthquake.usgs.gov/earthquakes/feed/v1.0/detail/ci41534944.geojson","felt":null,"cdi":null,"mmi":null,"alert":null,"status":"reviewed","tsunami":0,"sig":6,"net":"ci","code":"41534944","ids":",ci41534944,","sources":",ci,","types":",nearby-cities,origin,phase-data,","nst":41,"dmin":0.07973,"rms":0.22,"gap":65,"magType":"ml","type":"earthquake","title":"M 0.6 - 15 km NNW of Ocotillo Wells, CA"},"geometry":{"type":"Point","coordinates":[-116.202666666667,33.26,9.91]},"id":"ci41534944"},
{"type":"Feature","properties":{"mag":2.3,"place":"49 km NW of Rampart, Alaska","time":1787560754193,"updated":1787560841335,"tz":null,"url":"https://earthquake.usgs.gov/earthquakes/eventpage/aka2026qssltt","detail":"https://earthquake.usgs.gov/earthquakes/feed/v1.0/detail/aka2026qssltt.geojson","felt":null,"cdi":null,"mmi":null,"alert":null,"status":"automatic","tsunami":0,"sig":81,"net":"ak","code":"a2026qssltt","ids":",aka2026qssltt,","sources":",ak,","types":",origin,phase-data,","nst":28,"dmin":0.2,"rms":0.6,"gap":42,"magType":"ml","type":"earthquake","title":"M 2.3 - 49 km NW of Rampart, Alaska"},"geometry":{"type":"Point","coordinates":[-150.863,65.849,6.3]},"id":"aka2026qssltt"},
{"type":"Feature","properties":{"mag":0.5,"place":"17 km NW of Midland, Texas","time":1787560685711,"updated":1787597383535,"tz":null,"url":"https://earthquake.usgs.gov/earthquakes/eventpage/tx2026qqauux","detail":"https://earthquake.usgs.gov/earthquakes/feed/v1.0/detail/tx2026qqauux.geojson","felt":null,"cdi":null,"mmi":null,"alert":null,"status":"reviewed","tsunami":0,"sig":4,"net":"tx","code":"2026qqauux","ids":",tx2026qqauux,","sources":",tx,","types":",origin,phase-data,","nst":15,"dmin":0,"rms":0.2,"gap":82,"magType":"ml","type":"earthquake","title":"M 0.5 - 17 km NW of Midland, Texas"},"geometry":{"type":"Point","coordinates":[-102.186,32.121,7.2021]},"id":"tx2026qqauux"},
{"type":"Feature","properties":{"mag":0.93,"place":"17 km NE of Milford, Utah","time":1787560626950,"updated":1787593058590,"tz":null,"url":"https://earthquake.usgs.gov/earthquakes/eventpage/uu80150046","detail":"https://earthquake.usgs.gov/earthquakes/feed/v1.0/detail/uu80150046.geojson","felt":null,"cdi":null,"mmi":null,"alert":null,"status":"reviewed","tsunami":0,"sig":13,"net":"uu","code":"80150046","ids":",uu80150046,","sources":",uu,","types":",origin,phase-data,","nst":7,"dmin":0.01703,"rms":0.07,"gap":114,"magType":"md","type":"earthquake","title":"M 0.9 - 17 km NE of Milford, Utah"},"geometry":{"type":"Point","coordinates":[-112.891666666667,38.5181666666667,2.29]},"id":"uu80150046"},
{"type":"Feature","properties":{"mag":0.2,"place":"32 km ENE of McKinney Acres, Texas","time":1787560050047,"updated":1787597621790,"tz":null,"url":"https://earthquake.usgs.gov/earthquakes/eventpage/tx2026qqamdk","detail":"https://earthquake.usgs.gov/earthquakes/feed/v1.0/detail/tx2026qqamdk.geojson","felt":null,"cdi":null,"mmi":null,"alert":null,"status":"reviewed","tsunami":0,"sig":1,"net":"tx","code":"2026qqamdk","ids":",tx2026qqamdk,","sources":",tx,","types":",origin,phase-data,","nst":12,"dmin":0,"rms":0.1,"gap":98,"magType":"ml","type":"earthquake","title":"M 0.2 - 32 km ENE of McKinney Acres, Texas"},"geometry":{"type":"Point","coordinates":[-102.194,32.376,8.667]},"id":"tx2026qqamdk"},
{"type":"Feature","properties":{"mag":0.59,"place":"12 km NNE of Indio, CA","time":1787560024620,"updated":1787580157957,"tz":null,"url":"https://earthquake.usgs.gov/earthquakes/eventpage/ci41534936","detail":"https://earthquake.usgs.gov/earthquakes/feed/v1.0/detail/ci41534936.geojson","felt":null,"cdi":null,"mmi":null,"alert":null,"status":"reviewed","tsunami":0,"sig":5,"net":"ci","code":"41534936","ids":",ci41534936,","sources":",ci,","types":",nearby-cities,origin,phase-data,","nst":34,"dmin":0.0381,"rms":0.15,"gap":77,"magType":"ml","type":"earthquake","title":"M 0.6 - 12 km NNE of Indio, CA"},"geometry":{"type":"Point","coordinates":[-116.187333333333,33.8221666666667,8.02]},"id":"ci41534936"},
{"type":"Feature","properties":{"mag":0.22,"place":"11 km ENE of Coso Junction, CA","time":1787559465720,"updated":1787613302153,"tz":null,"url":"https://earthquake.usgs.gov/earthquakes/eventpage/ci10250542","detail":"https://earthquake.usgs.gov/earthquakes/feed/v1.0/detail/ci10250542.geojson","felt":null,"cdi":null,"mmi":null,"alert":null,"status":"reviewed","tsunami":0,"sig":1,"net":"ci","code":"10250542","ids":",ci10250542,","sources":",ci,","types":",nearby-cities,origin,phase-data,","nst":6,"dmin":0.0537,"rms":0.02,"gap":144,"magType":"ml","type":"earthquake","title":"M 0.2 - 11 km ENE of Coso Junction, CA"},"geometry":{"type":"Point","coordinates":[-117.834,36.0665,1.12]},"id":"ci10250542"},
{"type":"Feature","properties":{"mag":0.28,"place":"10 km ENE of Coso Junction, CA","time":1787559462320,"updated":1787613132259,"tz":null,"url":"https://earthquake.usgs.gov/earthquakes/eventpage/ci41534928","detail":"https://earthquake.usgs.gov/earthquakes/feed/v1.0/detail/ci41534928.geojson","felt":null,"cdi":null,"mmi":null,"alert":null,"status":"reviewed","tsunami":0,"sig":1,"net":"ci","code":"41534928","ids":",ci41534928,","sources":",ci,","types":",nearby-cities,origin,phase-data,scitech-link,","nst":15,"dmin":0.04714,"rms":0.09,"gap":56,"magType":"ml","type":"earthquake","title":"M 0.3 - 10 km ENE of Coso Junction, CA"},"geometry":{"type":"Point","coordinates":[-117.843,36.0713333333333,2.57]},"id":"ci41534928"},
{"type":"Feature","properties":{"mag":0.99,"place":"17 km NE of Milford, Utah","time":1787559396700,"updated":1787599593830,"tz":null,"url":"https://earthquake.usgs.gov/earthquakes/eventpage/uu80150041","detail":"https://earthquake.usgs.gov/earthquakes/feed/v1.0/detail/uu80150041.geojson","felt":null,"cdi":null,"mmi":null,"alert":null,"status":"reviewed","tsunami":0,"sig":15,"net":"uu","code":"80150041","ids":",uu80150041,","sources":",uu,","types":",origin,phase-data,","nst":9,"dmin":0.01942,"rms":0.04,"gap":115,"magType":"ml","type":"earthquake","title":"M 1.0 - 17 km NE of Milford, Utah"},"geometry":{"type":"Point","coordinates":[-112.890166666667,38.5208333333333,2.43]},"id":"uu80150041"},
{"type":"Feature","properties":{"mag":1.12,"place":"13 km N of Castaic, CA","time":1787558520580,"updated":1787580239280,"tz":null,"url":"https://earthquake.usgs.gov/earthquakes/eventpage/ci41534920","detail":"https://earthquake.usgs.gov/earthquakes/feed/v1.0/detail/ci41534920.geojson","felt":null,"cdi":null,"mmi":null,"alert":null,"status":"reviewed","tsunami":0,"sig":19,"net":"ci","code":"41534920","ids":",ci41534920,","sources":",ci,","types":",focal-mechanism,nearby-cities,origin,phase-data,","nst":44,"dmin":0.07193,"rms":0.2,"gap":29,"magType":"ml","type":"earthquake","title":"M 1.1 - 13 km N of Castaic, CA"},"geometry":{"type":"Point","coordinates":[-118.637166666667,34.6043333333333,6.6]},"id":"ci41534920"},
{"type":"Feature","properties":{"mag":1.53,"place":"10 km ENE of Coso Junction, CA","time":1787558249820,"updated":1787580177809,"tz":null,"url":"https://earthquake.usgs.gov/earthquakes/eventpage/ci41534912","detail":"https://earthquake.usgs.gov/earthquakes/feed/v1.0/detail/ci41534912.geojson","felt":null,"cdi":null,"mmi":null,"alert":null,"status":"reviewed","tsunami":0,"sig":36,"net":"ci","code":"41534912","ids":",ci41534912,","sources":",ci,","types":",nearby-cities,origin,phase-data,scitech-link,","nst":27,"dmin":0.05024,"rms":0.15,"gap":50,"magType":"ml","type":"earthquake","title":"M 1.5 - 10 km ENE of Coso Junction, CA"},"geometry":{"type":"Point","coordinates":[-117.843,36.0681666666667,2.11]},"id":"ci41534912"},
{"type":"Feature","properties":{"mag":1.4,"place":"36 km NNE of Aleneva, Alaska","time":1787558229777,"updated":1787558301269,"tz":null,"url":"https://earthquake.usgs.gov/earthquakes/eventpage/aka2026qsrbgv","detail":"https://earthquake.usgs.gov/earthquakes/feed/v1.0/detail/aka2026qsrbgv.geojson","felt":null,"cdi":null,"mmi":null,"alert":null,"status":"automatic","tsunami":0,"sig":30,"net":"ak","code":"a2026qsrbgv","ids":",aka2026qsrbgv,","sources":",ak,","types":",origin,phase-data,","nst":18,"dmin":0.3,"rms":0.3,"gap":142,"magType":"ml","type":"earthquake","title":"M 1.4 - 36 km NNE of Aleneva, Alaska"},"geometry":{"type":"Point","coordinates":[-152.695,58.363,55.2]},"id":"aka2026qsrbgv"},
{"type":"Feature","properties":{"mag":1.11,"place":"10 km ENE of Coso Junction, CA","time":1787558217810,"updated":1787580193442,"tz":null,"url":"https://earthquake.usgs.gov/earthquakes/eventpage/ci41534904","detail":"https://earthquake.usgs.gov/earthquakes/feed/v1.0/detail/ci41534904.geojson","felt":null,"cdi":null,"mmi":null,"alert":null,"status":"reviewed","tsunami":0,"sig":19,"net":"ci","code":"41534904","ids":",ci41534904,","sources":",ci,","types":",nearby-cities,origin,phase-data,","nst":22,"dmin":0.04855,"rms":0.13,"gap":66,"magType":"ml","type":"earthquake","title":"M 1.1 - 10 km ENE of Coso Junction, CA"},"geometry":{"type":"Point","coordinates":[-117.843333333333,36.0698333333333,2.26]},"id":"ci41534904"},
{"type":"Feature","properties":{"mag":0.71,"place":"10 km ENE of Coso Junction, CA","time":1787558187170,"updated":1787580197486,"tz":null,"url":"https://earthquake.usgs.gov/earthquakes/eventpage/ci41534896","detail":"https://earthquake.usgs.gov/earthquakes/feed/v1.0/detail/ci41534896.geojson","felt":null,"cdi":null,"mmi":null,"alert":null,"status":"reviewed","tsunami":0,"sig":8,"net":"ci","code":"41534896","ids":",ci41534896,","sources":",ci,","types":",nearby-cities,origin,phase-data,","nst":18,"dmin":0.04992,"rms":0.15,"gap":65,"magType":"ml","type":"earthquake","title":"M 0.7 - 10 km ENE of Coso Junction, CA"},"geometry":{"type":"Point","coordinates":[-117.841,36.0688333333333,2.5]},"id":"ci41534896"},
{"type":"Feature","properties":{"mag":1.03,"place":"10 km ENE of Coso Junction, CA","time":1787557987330,"updated":1787580209494,"tz":null,"url":"https://earthquake.usgs.gov/earthquakes/eventpage/ci41534888","detail":"https://earthquake.usgs.gov/earthquakes/feed/v1.0/detail/ci41534888.geojson","felt":null,"cdi":null,"mmi":null,"alert":null,"status":"reviewed","tsunami":0,"sig":16,"net":"ci","code":"41534888","ids":",ci41534888,","sources":",ci,","types":",nearby-cities,origin,phase-data,","nst":12,"dmin":0.04817,"rms":0.07,"gap":68,"magType":"ml","type":"earthquake","title":"M 1.0 - 10 km ENE of Coso Junction, CA"},"geometry":{"type":"Point","coordinates":[-117.844833333333,36.07,2.71]},"id":"ci41534888"},
{"type":"Feature","properties":{"mag":2.71,"place":"10 km ENE of Coso Junction, CA","time":1787557904630,"updated":1787601025778,"tz":null,"url":"https://earthquake.usgs.gov/earthquakes/eventpage/ci41534880","detail":"https://earthquake.usgs.gov/earthquakes/feed/v1.0/detail/ci41534880.geojson","felt":null,"cdi":null,"mmi":null,"alert":null,"status":"reviewed","tsunami":0,"sig":113,"net":"ci","code":"41534880","ids":",ci41534880,us6000tn2l,","sources":",ci,us,","types":",nearby-cities,origin,phase-data,scitech-link,","nst":34,"dmin":0.05163,"rms":0.16,"gap":41,"magType":"ml","type":"earthquake","title":"M 2.7 - 10 km ENE of Coso Junction, CA"},"geometry":{"type":"Point","coordinates":[-117.8435,36.0666666666667,2.31]},"id":"ci41534880"},
{"type":"Feature","properties":{"mag":0.8,"place":"6 km NW of The Geysers, CA","time":1787557333000,"updated":1787561247569,"tz":null,"url":"https://earthquake.usgs.gov/earthquakes/eventpage/nc75424022","detail":"https://earthquake.usgs.gov/earthquakes/feed/v1.0/detail/nc75424022.geojson","felt":null,"cdi":null,"mmi":null,"alert":null,"status":"automatic","tsunami":0,"sig":10,"net":"nc","code":"75424022","ids":",nc75424022,","sources":",nc,","types":",nearby-cities,origin,phase-data,scitech-link,","nst":10,"dmin":0.007786,"rms":0.02,"gap":75,"magType":"md","type":"earthquake","title":"M 0.8 - 6 km NW of The Geysers, CA"},"geometry":{"type":"Point","coordinates":[-122.803833007812,38.8120002746582,0.829999983310699]},"id":"nc75424022"},
{"type":"Feature","properties":{"mag":4.9,"place":"10 km NNW of Cot, Costa Rica","time":1787557037435,"updated":1787623315814,"tz":null,"url":"https://earthquake.usgs.gov/earthquakes/eventpage/us6000tn2j","detail":"https://earthquake.usgs.gov/earthquakes/feed/v1.0/detail/us6000tn2j.geojson","felt":87,"cdi":6.5,"mmi":null,"alert":null,"status":"reviewed","tsunami":0,"sig":426,"net":"us","code":"6000tn2j","ids":",us6000tn2j,","sources":",us,","types":",dyfi,origin,phase-data,","nst":103,"dmin":0.196,"rms":0.57,"gap":74,"magType":"mb","type":"earthquake","title":"M 4.9 - 10 km NNW of Cot, Costa Rica"},"geometry":{"type":"Point","coordinates":[-83.9132,9.9853,10]},"id":"us6000tn2j"},
{"type":"Feature","properties":{"mag":0.58,"place":"11 km ENE of Coso Junction, CA","time":1787556703030,"updated":1787580205528,"tz":null,"url":"https://earthquake.usgs.gov/earthquakes/eventpage/ci41534872","detail":"https://earthquake.usgs.gov/earthquakes/feed/v1.0/detail/ci41534872.geojson","felt":null,"cdi":null,"mmi":null,"alert":null,"status":"reviewed","tsunami":0,"sig":5,"net":"ci","code":"41534872","ids":",ci41534872,","sources":",ci,","types":",nearby-cities,origin,phase-data,","nst":15,"dmin":0.04691,"rms":0.07,"gap":62,"magType":"ml","type":"earthquake","title":"M 0.6 - 11 km ENE of Coso Junction, CA"},"geometry":{"type":"Point","coordinates":[-117.8365,36.073,2.99]},"id":"ci41534872"},
{"type":"Feature","properties":{"mag":1.05,"place":"16 km NE of Milford, Utah","time":1787556293580,"updated":1787595304700,"tz":null,"url":"https://earthquake.usgs.gov/earthquakes/eventpage/uu80150036","detail":"https://earthquake.usgs.gov/earthquakes/feed/v1.0/detail/uu80150036.geojson","felt":null,"cdi":null,"mmi":null,"alert":null,"status":"reviewed","tsunami":0,"sig":17,"net":"uu","code":"80150036","ids":",uu80150036,","sources":",uu,","types":",origin,phase-data,","nst":11,"dmin":0.01509,"rms":0.08,"gap":69,"magType":"md","type":"earthquake","title":"M 1.1 - 16 km NE of Milford, Utah"},"geometry":{"type":"Point","coordinates":[-112.890833333333,38.5163333333333,1.69]},"id":"uu80150036"},
{"type":"Feature","properties":{"mag":2,"place":"45 km ESE of Pedro Bay, Alaska","time":1787555763816,"updated":1787555982256,"tz":null,"url":"https://earthquake.usgs.gov/earthquakes/eventpage/aka2026qsprqs","detail":"https://earthquake.usgs.gov/earthquakes/feed/v1.0/detail/aka2026qsprqs.geojson","felt":null,"cdi":null,"mmi":null,"alert":null,"status":"automatic","tsunami":0,"sig":62,"net":"ak","code":"a2026qsprqs","ids":",aka2026qsprqs,","sources":",ak,","types":",origin,phase-data,","nst":78,"dmin":0.1,"rms":0.7,"gap":55,"magType":"ml","type":"earthquake","title":"M 2.0 - 45 km ESE of Pedro Bay, Alaska"},"geometry":{"type":"Point","coordinates":[-153.33,59.671,124.2]},"id":"aka2026qsprqs"},
{"type":"Feature","properties":{"mag":1.48,"place":"16 km NE of Milford, Utah","time":1787555349370,"updated":1787595457740,"tz":null,"url":"https://earthquake.usgs.gov/earthquakes/eventpage/uu80150031","detail":"https://earthquake.usgs.gov/earthquakes/feed/v1.0/detail/uu80150031.geojson","felt":null,"cdi":null,"mmi":null,"alert":null,"status":"reviewed","tsunami":0,"sig":34,"net":"uu","code":"80150031","ids":",uu80150031,","sources":",uu,","types":",origin,phase-data,","nst":8,"dmin":0.01578,"rms":0.06,"gap":114,"magType":"md","type":"earthquake","title":"M 1.5 - 16 km NE of Milford, Utah"},"geometry":{"type":"Point","coordinates":[-112.895333333333,38.5158333333333,1.78]},"id":"uu80150031"},
{"type":"Feature","properties":{"mag":1.13,"place":"11 km ENE of Coso Junction, CA","time":1787554924850,"updated":1787580201557,"tz":null,"url":"https://earthquake.usgs.gov/earthquakes/eventpage/ci41534864","detail":"https://earthquake.usgs.gov/earthquakes/feed/v1.0/detail/ci41534864.geojson","felt":null,"cdi":null,"mmi":null,"alert":null,"status":"reviewed","tsunami":0,"sig":20,"net":"ci","code":"41534864","ids":",ci41534864,","sources":",ci,","types":",nearby-cities,origin,phase-data,","nst":25,"dmin":0.04778,"rms":0.14,"gap":50,"magType":"ml","type":"earthquake","title":"M 1.1 - 11 km ENE of Coso Junction, CA"},"geometry":{"type":"Point","coordinates":[-117.836166666667,36.0721666666667,2.58]},"id":"ci41534864"},
{"type":"Feature","properties":{"mag":0.83,"place":"10 km ENE of Coso Junction, CA","time":1787554287060,"updated":1787580221600,"tz":null,"url":"https://earthquake.usgs.gov/earthquakes/eventpage/ci41534856","detail":"https://earthquake.usgs.gov/earthquakes/feed/v1.0/detail/ci41534856.geojson","felt":null,"cdi":null,"mmi":null,"alert":null,"status":"reviewed","tsunami":0,"sig":11,"net":"ci","code":"41534856","ids":",ci41534856,","sources":",ci,","types":",nearby-cities,origin,phase-data,","nst":16,"dmin":0.05192,"rms":0.1,"gap":62,"magType":"ml","type":"earthquake","title":"M 0.8 - 10 km ENE of Coso Junction, CA"},"geometry":{"type":"Point","coordinates":[-117.8375,36.0675,2.71]},"id":"ci41534856"},
{"type":"Feature","properties":{"mag":0.54,"place":"17 km W of Ivanof Bay, Alaska","time":1787553633090,"updated":1787619395820,"tz":null,"url":"https://earthquake.usgs.gov/earthquakes/eventpage/av93066189","detail":"https://earthquake.usgs.gov/earthquakes/feed/v1.0/detail/av93066189.geojson","felt":null,"cdi":null,"mmi":null,"alert":null,"status":"reviewed","tsunami":0,"sig":4,"net":"av","code":"93066189","ids":",av93066189,","sources":",av,","types":",origin,phase-data,","nst":5,"dmin":0.184,"rms":0.26,"gap":322,"magType":"ml","type":"earthquake","title":"M 0.5 - 17 km W of Ivanof Bay, Alaska"},"geometry":{"type":"Point","coordinates":[-159.758666666667,55.9251666666667,2.44]},"id":"av93066189"},
{"type":"Feature","properties":{"mag":-0.67,"place":"63 km WNW of Tyonek, Alaska","time":1787553582610,"updated":1787617023490,"tz":null,"url":"https://earthquake.usgs.gov/earthquakes/eventpage/av94400858","detail":"https://earthquake.usgs.gov/earthquakes/feed/v1.0/detail/av94400858.geojson","felt":null,"cdi":null,"mmi":null,"alert":null,"status":"reviewed","tsunami":0,"sig":0,"net":"av","code":"94400858","ids":",av94400858,","sources":",av,","types":",origin,phase-data,","nst":7,"dmin":0.04151,"rms":0.15,"gap":155,"magType":"ml","type":"earthquake","title":"M -0.7 - 63 km WNW of Tyonek, Alaska"},"geometry":{"type":"Point","coordinates":[-152.252666666667,61.2485,4.21]},"id":"av94400858"},
{"type":"Feature","properties":{"mag":0.63,"place":"10 km ENE of Coso Junction, CA","time":1787553324440,"updated":1787553531874,"tz":null,"url":"https://earthquake.usgs.gov/earthquakes/eventpage/ci41534848","detail":"https://earthquake.usgs.gov/earthquakes/feed/v1.0/detail/ci41534848.geojson","felt":null,"cdi":null,"mmi":null,"alert":null,"status":"automatic","tsunami":0,"sig":6,"net":"ci","code":"41534848","ids":",ci41534848,","sources":",ci,","types":",nearby-cities,origin,phase-data,","nst":16,"dmin":0.04865,"rms":0.09,"gap":61,"magType":"ml","type":"earthquake","title":"M 0.6 - 10 km ENE of Coso Junction, CA"},"geometry":{"type":"Point","coordinates":[-117.8365,36.0711666666667,2.81]},"id":"ci41534848"},
{"type":"Feature","properties":{"mag":2.08,"place":"1 km NW of Trion, Georgia","time":1787553273240,"updated":1787574570440,"tz":null,"url":"https://earthquake.usgs.gov/earthquakes/eventpage/se60506178","detail":"https://earthquake.usgs.gov/earthquakes/feed/v1.0/detail/se60506178.geojson","felt":null,"cdi":null,"mmi":null,"alert":null,"status":"reviewed","tsunami":0,"sig":67,"net":"se","code":"60506178","ids":",se60506178,","sources":",se,","types":",origin,phase-data,","nst":16,"dmin":0.2416,"rms":0.17,"gap":110,"magType":"md","type":"earthquake","title":"M 2.1 - 1 km NW of Trion, Georgia"},"geometry":{"type":"Point","coordinates":[-85.3186666666667,34.5511666666667,10.6]},"id":"se60506178"},
{"type":"Feature","properties":{"mag":0.72,"place":"3 km NNW of The Geysers, CA","time":1787553221970,"updated":1787556443035,"tz":null,"url":"https://earthquake.usgs.gov/earthquakes/eventpage/nc75424017","detail":"https://earthquake.usgs.gov/earthquakes/feed/v1.0/detail/nc75424017.geojson","felt":null,"cdi":null,"mmi":null,"alert":null,"status":"automatic","tsunami":0,"sig":8,"net":"nc","code":"75424017","ids":",nc75424017,","sources":",nc,","types":",nearby-cities,origin,phase-data,scitech-link,","nst":11,"dmin":0.005338,"rms":0.01,"gap":89,"magType":"md","type":"earthquake","title":"M 0.7 - 3 km NNW of The Geysers, CA"},"geometry":{"type":"Point","coordinates":[-122.764831542969,38.8041648864746,3.42000007629395]},"id":"nc75424017"},
{"type":"Feature","properties":{"mag":0.69,"place":"3 km SSE of Redlands, CA","time":1787553076850,"updated":1787580237371,"tz":null,"url":"https://earthquake.usgs.gov/earthquakes/eventpage/ci41534840","detail":"https://earthquake.usgs.gov/earthquakes/feed/v1.0/detail/ci41534840.geojson","felt":null,"cdi":null,"mmi":null,"alert":null,"status":"reviewed","tsunami":0,"sig":7,"net":"ci","code":"41534840","ids":",ci41534840,","sources":",ci,","types":",nearby-cities,origin,phase-data,","nst":42,"dmin":0.04777,"rms":0.2,"gap":36,"magType":"ml","type":"earthquake","title":"M 0.7 - 3 km SSE of Redlands, CA"},"geometry":{"type":"Point","coordinates":[-117.169833333333,34.0326666666667,4.39]},"id":"ci41534840"},
{"type":"Feature","properties":{"mag":0.13,"place":"60 km W of Tyonek, Alaska","time":1787552288470,"updated":1787619365610,"tz":null,"url":"https://earthquake.usgs.gov/earthquakes/eventpage/av94400843","detail":"https://earthquake.usgs.gov/earthquakes/feed/v1.0/detail/av94400843.geojson","felt":null,"cdi":null,"mmi":null,"alert":null,"status":"reviewed","tsunami":0,"sig":0,"net":"av","code":"94400843","ids":",av94400843,","sources":",av,","types":",origin,phase-data,","nst":13,"dmin":0.05907,"rms":0.12,"gap":120,"magType":"ml","type":"earthquake","title":"M 0.1 - 60 km W of Tyonek, Alaska"},"geometry":{"type":"Point","coordinates":[-152.250833333333,61.1448333333333,4.67]},"id":"av94400843"},
{"type":"Feature","properties":{"mag":1,"place":"10 km ENE of Coso Junction, CA","time":1787551795300,"updated":1787580255070,"tz":null,"url":"https://earthquake.usgs.gov/earthquakes/eventpage/ci41534824","detail":"https://earthquake.usgs.gov/earthquakes/feed/v1.0/detail/ci41534824.geojson","felt":null,"cdi":null,"mmi":null,"alert":null,"status":"reviewed","tsunami":0,"sig":15,"net":"ci","code":"41534824","ids":",ci41534824,","sources":",ci,","types":",nearby-cities,origin,phase-data,","nst":20,"dmin":0.05635,"rms":0.14,"gap":49,"magType":"ml","type":"earthquake","title":"M 1.0 - 10 km ENE of Coso Junction, CA"},"geometry":{"type":"Point","coordinates":[-117.837833333333,36.0628333333333,2.62]},"id":"ci41534824"},
{"type":"Feature","properties":{"mag":0.82,"place":"10 km E of Coso Junction, CA","time":1787551220590,"updated":1787580263201,"tz":null,"url":"https://earthquake.usgs.gov/earthquakes/eventpage/ci41534816","detail":"https://earthquake.usgs.gov/earthquakes/feed/v1.0/detail/ci41534816.geojson","felt":null,"cdi":null,"mmi":null,"alert":null,"status":"reviewed","tsunami":0,"sig":10,"net":"ci","code":"41534816","ids":",ci41534816,","sources":",ci,","types":",nearby-cities,origin,phase-data,","nst":20,"dmin":0.05668,"rms":0.12,"gap":62,"magType":"ml","type":"earthquake","title":"M 0.8 - 10 km E of Coso Junction, CA"},"geometry":{"type":"Point","coordinates":[-117.837,36.0626666666667,2.88]},"id":"ci41534816"},
{"type":"Feature","properties":{"mag":1.07,"place":"17 km NE of Milford, Utah","time":1787550963180,"updated":1787600841940,"tz":null,"url":"https://earthquake.usgs.gov/earthquakes/eventpage/uu80150026","detail":"https://earthquake.usgs.gov/earthquakes/feed/v1.0/detail/uu80150026.geojson","felt":null,"cdi":null,"mmi":null,"alert":null,"status":"reviewed","tsunami":0,"sig":18,"net":"uu","code":"80150026","ids":",uu80150026,","sources":",uu,","types":",origin,phase-data,","nst":13,"dmin":0.01009,"rms":0.09,"gap":70,"magType":"md","type":"earthquake","title":"M 1.1 - 17 km NE of Milford, Utah"},"geometry":{"type":"Point","coordinates":[-112.892,38.5191666666667,2]},"id":"uu80150026"},
{"type":"Feature","properties":{"mag":4.5,"place":"104 km WNW of Houma, Tonga","time":1787550047930,"updated":1787551731040,"tz":null,"url":"https://earthquake.usgs.gov/earthquakes/eventpage/us6000tn2d","detail":"https://earthquake.usgs.gov/earthquakes/feed/v1.0/detail/us6000tn2d.geojson","felt":null,"cdi":null,"mmi":null,"alert":null,"status":"reviewed","tsunami":0,"sig":312,"net":"us","code":"6000tn2d","ids":",us6000tn2d,","sources":",us,","types":",origin,phase-data,","nst":62,"dmin":6.085,"rms":0.71,"gap":105,"magType":"mb","type":"earthquake","title":"M 4.5 - 104 km WNW of Houma, Tonga"},"geometry":{"type":"Point","coordinates":[-176.289,-20.9867,209.196]},"id":"us6000tn2d"},
{"type":"Feature","properties":{"mag":0.5,"place":"12 km SSW of Searles Valley, CA","time":1787549922480,"updated":1787580259087,"tz":null,"url":"https://earthquake.usgs.gov/earthquakes/eventpage/ci41534808","detail":"https://earthquake.usgs.gov/earthquakes/feed/v1.0/detail/ci41534808.geojson","felt":null,"cdi":null,"mmi":null,"alert":null,"status":"reviewed","tsunami":0,"sig":4,"net":"ci","code":"41534808","ids":",ci41534808,","sources":",ci,","types":",nearby-cities,origin,phase-data,","nst":15,"dmin":0.01661,"rms":0.15,"gap":83,"magType":"ml","type":"earthquake","title":"M 0.5 - 12 km SSW of Searles Valley, CA"},"geometry":{"type":"Point","coordinates":[-117.443666666667,35.6616666666667,5.89]},"id":"ci41534808"},
{"type":"Feature","properties":{"mag":1.4,"place":"48 km SSW of Whites City, New Mexico","time":1787549462070,"updated":1787560548200,"tz":null,"url":"https://earthquake.usgs.gov/earthquakes/eventpage/tx2026qpuqci","detail":"https://earthquake.usgs.gov/earthquakes/feed/v1.0/detail/tx2026qpuqci.geojson","felt":null,"cdi":null,"mmi":null,"alert":null,"status":"reviewed","tsunami":0,"sig":30,"net":"tx","code":"2026qpuqci","ids":",tx2026qpuqci,","sources":",tx,","types":",origin,phase-data,","nst":20,"dmin":0,"rms":0.2,"gap":77,"magType":"ml","type":"earthquake","title":"M 1.4 - 48 km SSW of Whites City, New Mexico"},"geometry":{"type":"Point","coordinates":[-104.523,31.752,3.3313]},"id":"tx2026qpuqci"},
{"type":"Feature","properties":{"mag":0.73,"place":"30 km ESE of West Yellowstone, Montana","time":1787548896020,"updated":1787601205850,"tz":null,"url":"https://earthquake.usgs.gov/earthquakes/eventpage/uu80150021","detail":"https://earthquake.usgs.gov/earthquakes/feed/v1.0/detail/uu80150021.geojson","felt":null,"cdi":null,"mmi":null,"alert":null,"status":"reviewed","tsunami":0,"sig":8,"net":"uu","code":"80150021","ids":",uu80150021,","sources":",uu,","types":",origin,phase-data,","nst":8,"dmin":0.06442,"rms":0.11,"gap":141,"magType":"md","type":"earthquake","title":"M 0.7 - 30 km ESE of West Yellowstone, Montana"},"geometry":{"type":"Point","coordinates":[-110.729333333333,44.5863333333333,7.28]},"id":"uu80150021"},
{"type":"Feature","properties":{"mag":0.18,"place":"30 km ESE of West Yellowstone, Montana","time":1787548854790,"updated":1787601169160,"tz":null,"url":"https://earthquake.usgs.gov/earthquakes/eventpage/uu80007913","detail":"https://earthquake.usgs.gov/earthquakes/feed/v1.0/detail/uu80007913.geojson","felt":null,"cdi":null,"mmi":null,"alert":null,"status":"reviewed","tsunami":0,"sig":0,"net":"uu","code":"80007913","ids":",uu80007913,","sources":",uu,","types":",origin,phase-data,","nst":8,"dmin":0.05996,"rms":0.16,"gap":136,"magType":"md","type":"earthquake","title":"M 0.2 - 30 km ESE of West Yellowstone, Montana"},"geometry":{"type":"Point","coordinates":[-110.7255,44.5936666666667,9.02]},"id":"uu80007913"},
{"type":"Feature","properties":{"mag":1.17,"place":"7 km NW of The Geysers, CA","time":1787548370850,"updated":1787563045767,"tz":null,"url":"https://earthquake.usgs.gov/earthquakes/eventpage/nc75424007","detail":"https://earthquake.usgs.gov/earthquakes/feed/v1.0/detail/nc75424007.geojson","felt":null,"cdi":null,"mmi":null,"alert":null,"status":"automatic","tsunami":0,"sig":21,"net":"nc","code":"75424007","ids":",nc75424007,","sources":",nc,","types":",nearby-cities,origin,phase-data,scitech-link,","nst":19,"dmin":0.004483,"rms":0.02,"gap":75,"magType":"md","type":"earthquake","title":"M 1.2 - 7 km NW of The Geysers, CA"},"geometry":{"type":"Point","coordinates":[-122.804496765137,38.8223342895508,3.16000008583069]},"id":"nc75424007"},
{"type":"Feature","properties":{"mag":4.5,"place":"41 km ESE of Tinogasta, Argentina","time":1787547844171,"updated":1787553731040,"tz":null,"url":"https://earthquake.usgs.gov/earthquakes/eventpage/us6000tn29","detail":"https://earthquake.usgs.gov/earthquakes/feed/v1.0/detail/us6000tn29.geojson","felt":null,"cdi":null,"mmi":null,"alert":null,"status":"reviewed","tsunami":0,"sig":312,"net":"us","code":"6000tn29","ids":",us6000tn29,","sources":",us,","types":",origin,phase-data,","nst":95,"dmin":3.236,"rms":0.61,"gap":65,"magType":"mb","type":"earthquake","title":"M 4.5 - 41 km ESE of Tinogasta, Argentina"},"geometry":{"type":"Point","coordinates":[-67.1543,-28.143,129.457]},"id":"us6000tn29"},
{"type":"Feature","properties":{"mag":2.55,"place":"13 km W of Rincón, Puerto Rico","time":1787547169800,"updated":1787567232240,"tz":null,"url":"https://earthquake.usgs.gov/earthquakes/eventpage/pr71529603","detail":"https://earthquake.usgs.gov/earthquakes/feed/v1.0/detail/pr71529603.geojson","felt":null,"cdi":null,"mmi":null,"alert":null,"status":"reviewed","tsunami":0,"sig":100,"net":"pr","code":"71529603","ids":",pr71529603,","sources":",pr,","types":",origin,phase-data,","nst":9,"dmin":0.1111,"rms":0.38,"gap":158,"magType":"md","type":"earthquake","title":"M 2.6 - 13 km W of Rincón, Puerto Rico"},"geometry":{"type":"Point","coordinates":[-67.376,18.3316666666667,13.07]},"id":"pr71529603"},
{"type":"Feature","properties":{"mag":1.6,"place":"16 km NE of Milford, Utah","time":1787546892130,"updated":1787602400300,"tz":null,"url":"https://earthquake.usgs.gov/earthquakes/eventpage/uu80150016","detail":"https://earthquake.usgs.gov/earthquakes/feed/v1.0/detail/uu80150016.geojson","felt":null,"cdi":null,"mmi":null,"alert":null,"status":"reviewed","tsunami":0,"sig":39,"net":"uu","code":"80150016","ids":",uu80150016,","sources":",uu,","types":",origin,phase-data,","nst":20,"dmin":0.008612,"rms":0.1,"gap":45,"magType":"ml","type":"earthquake","title":"M 1.6 - 16 km NE of Milford, Utah"},"geometry":{"type":"Point","coordinates":[-112.891166666667,38.517,1.81]},"id":"uu80150016"},
{"type":"Feature","properties":{"mag":0.75,"place":"7 km NW of The Geysers, CA","time":1787546428740,"updated":1787548939222,"tz":null,"url":"https://earthquake.usgs.gov/earthquakes/eventpage/nc75423997","detail":"https://earthquake.usgs.gov/earthquakes/feed/v1.0/detail/nc75423997.geojson","felt":null,"cdi":null,"mmi":null,"alert":null,"status":"automatic","tsunami":0,"sig":9,"net":"nc","code":"75423997","ids":",nc75423997,","sources":",nc,","types":",nearby-cities,origin,phase-data,scitech-link,","nst":14,"dmin":0.001751,"rms":0.01,"gap":74,"magType":"md","type":"earthquake","title":"M 0.8 - 7 km NW of The Geysers, CA"},"geometry":{"type":"Point","coordinates":[-122.808334350586,38.8245010375977,2.64000010490417]},"id":"nc75423997"},
{"type":"Feature","properties":{"mag":1.55,"place":"8 km E of Englewood, Tennessee","time":1787545870970,"updated":1787576514980,"tz":null,"url":"https://earthquake.usgs.gov/earthquakes/eventpage/se60506188","detail":"https://earthquake.usgs.gov/earthquakes/feed/v1.0/detail/se60506188.geojson","felt":null,"cdi":null,"mmi":null,"alert":null,"status":"reviewed","tsunami":0,"sig":37,"net":"se","code":"60506188","ids":",se60506188,","sources":",se,","types":",origin,phase-data,","nst":6,"dmin":0.1027,"rms":0.08,"gap":80,"magType":"md","type":"earthquake","title":"M 1.6 - 8 km E of Englewood, Tennessee"},"geometry":{"type":"Point","coordinates":[-84.393,35.4155,9.99]},"id":"se60506188"},
{"type":"Feature","properties":{"mag":1.82,"place":"8 km E of Englewood, Tennessee","time":1787545832720,"updated":1787576531400,"tz":null,"url":"https://earthquake.usgs.gov/earthquakes/eventpage/se60506183","detail":"https://earthquake.usgs.gov/earthquakes/feed/v1.0/detail/se60506183.geojson","felt":null,"cdi":null,"mmi":null,"alert":null,"status":"reviewed","tsunami":0,"sig":51,"net":"se","code":"60506183","ids":",se60506183,","sources":",se,","types":",origin,phase-data,","nst":10,"dmin":0.09946,"rms":0.14,"gap":74,"magType":"md","type":"earthquake","title":"M 1.8 - 8 km E of Englewood, Tennessee"},"geometry":{"type":"Point","coordinates":[-84.3941666666667,35.4123333333333,10.74]},"id":"se60506183"},
{"type":"Feature","properties":{"mag":2,"place":"40 km E of Chignik, Alaska","time":1787545579280,"updated":1787545641389,"tz":null,"url":"https://earthquake.usgs.gov/earthquakes/eventpage/aka2026qskafj","detail":"https://earthquake.usgs.gov/earthquakes/feed/v1.0/detail/aka2026qskafj.geojson","felt":null,"cdi":null,"mmi":null,"alert":null,"status":"automatic","tsunami":0,"sig":62,"net":"ak","code":"a2026qskafj","ids":",aka2026qskafj,","sources":",ak,","types":",origin,phase-data,","nst":17,"dmin":0.4,"rms":0.4,"gap":220,"magType":"ml","type":"earthquake","title":"M 2.0 - 40 km E of Chignik, Alaska"},"geometry":{"type":"Point","coordinates":[-157.764,56.353,84]},"id":"aka2026qskafj"},
{"type":"Feature","properties":{"mag":1.12,"place":"21 km ESE of Anza, CA","time":1787545187860,"updated":1787580308410,"tz":null,"url":"https://earthquake.usgs.gov/earthquakes/eventpage/ci41534800","detail":"https://earthquake.usgs.gov/earthquakes/feed/v1.0/detail/ci41534800.geojson","felt":null,"cdi":null,"mmi":null,"alert":null,"status":"reviewed","tsunami":0,"sig":19,"net":"ci","code":"41534800","ids":",ci41534800,","sources":",ci,","types":",focal-mechanism,nearby-cities,origin,phase-data,","nst":73,"dmin":0.1233,"rms":0.19,"gap":38,"magType":"ml","type":"earthquake","title":"M 1.1 - 21 km ESE of Anza, CA"},"geometry":{"type":"Point","coordinates":[-116.455,33.5033333333333,3.04]},"id":"ci41534800"},
{"type":"Feature","properties":{"mag":-0.56,"place":"79 km NW of Ninilchik, Alaska","time":1787544705890,"updated":1787615401950,"tz":null,"url":"https://earthquake.usgs.gov/earthquakes/eventpage/av94400688","detail":"https://earthquake.usgs.gov/earthquakes/feed/v1.0/detail/av94400688.geojson","felt":null,"cdi":null,"mmi":null,"alert":null,"status":"reviewed","tsunami":0,"sig":0,"net":"av","code":"94400688","ids":",av94400688,","sources":",av,","types":",origin,phase-data,","nst":5,"dmin":0.01284,"rms":0.3,"gap":192,"magType":"ml","type":"earthquake","title":"M -0.6 - 79 km NW of Ninilchik, Alaska"},"geometry":{"type":"Point","coordinates":[-152.8245,60.4781666666667,5.1]},"id":"av94400688"},
{"type":"Feature","properties":{"mag":1.6,"place":"36 km WSW of Mentone, Texas","time":1787544670958,"updated":1787559951469,"tz":null,"url":"https://earthquake.usgs.gov/earthquakes/eventpage/tx2026qprzes","detail":"https://earthquake.usgs.gov/earthquakes/feed/v1.0/detail/tx2026qprzes.geojson","felt":null,"cdi":null,"mmi":null,"alert":null,"status":"reviewed","tsunami":0,"sig":39,"net":"tx","code":"2026qprzes","ids":",tx2026qprzes,","sources":",tx,","types":",origin,phase-data,","nst":29,"dmin":0,"rms":0.1,"gap":49,"magType":"ml","type":"earthquake","title":"M 1.6 - 36 km WSW of Mentone, Texas"},"geometry":{"type":"Point","coordinates":[-103.964,31.609,7.9071]},"id":"tx2026qprzes"},
{"type":"Feature","properties":{"mag":1.11,"place":"45 km ENE of Warm River, Idaho","time":1787544165090,"updated":1787601778640,"tz":null,"url":"https://earthquake.usgs.gov/earthquakes/eventpage/uu80150011","detail":"https://earthquake.usgs.gov/earthquakes/feed/v1.0/detail/uu80150011.geojson","felt":null,"cdi":null,"mmi":null,"alert":null,"status":"reviewed","tsunami":0,"sig":19,"net":"uu","code":"80150011","ids":",uu80150011,","sources":",uu,","types":",origin,phase-data,","nst":8,"dmin":0.03618,"rms":0.23,"gap":115,"magType":"md","type":"earthquake","title":"M 1.1 - 45 km ENE of Warm River, Idaho"},"geometry":{"type":"Point","coordinates":[-110.783833333333,44.238,3.79]},"id":"uu80150011"},
{"type":"Feature","properties":{"mag":2.29,"place":"55 km NE of Valmy, Nevada","time":1787544105938,"updated":1787623448675,"tz":null,"url":"https://earthquake.usgs.gov/earthquakes/eventpage/nn00923787","detail":"https://earthquake.usgs.gov/earthquakes/feed/v1.0/detail/nn00923787.geojson","felt":null,"cdi":null,"mmi":null,"alert":null,"status":"reviewed","tsunami":0,"sig":81,"net":"nn","code":"00923787","ids":",nn00923787,","sources":",nn,","types":",origin,phase-data,","nst":8,"dmin":0.846,"rms":0.084,"gap":291,"magType":"ml","type":"earthquake","title":"M 2.3 - 55 km NE of Valmy, Nevada"},"geometry":{"type":"Point","coordinates":[-116.7366,41.1935,9.3607]},"id":"nn00923787"},
{"type":"Feature","properties":{"mag":4.8,"place":"27 km WSW of Sarangani, Philippines","time":1787543973162,"updated":1787544743040,"tz":null,"url":"https://earthquake.usgs.gov/earthquakes/eventpage/us6000tn25","detail":"https://earthquake.usgs.gov/earthquakes/feed/v1.0/detail/us6000tn25.geojson","felt":null,"cdi":null,"mmi":null,"alert":null,"status":"reviewed","tsunami":0,"sig":354,"net":"us","code":"6000tn25","ids":",us6000tn25,","sources":",us,","types":",origin,phase-data,","nst":29,"dmin":1.762,"rms":0.91,"gap":120,"magType":"mb","type":"earthquake","title":"M 4.8 - 27 km WSW of Sarangani, Philippines"},"geometry":{"type":"Point","coordinates":[125.2291,5.3312,68.263]},"id":"us6000tn25"},
{"type":"Feature","properties":{"mag":0.89,"place":"9 km S of Banning, CA","time":1787543968900,"updated":1787580280181,"tz":null,"url":"https://earthquake.usgs.gov/earthquakes/eventpage/ci41534792","detail":"https://earthquake.usgs.gov/earthquakes/feed/v1.0/detail/ci41534792.geojson","felt":null,"cdi":null,"mmi":null,"alert":null,"status":"reviewed","tsunami":0,"sig":12,"net":"ci","code":"41534792","ids":",ci41534792,","sources":",ci,","types":",nearby-cities,origin,phase-data,","nst":39,"dmin":0.05996,"rms":0.18,"gap":56,"magType":"ml","type":"earthquake","title":"M 0.9 - 9 km S of Banning, CA"},"geometry":{"type":"Point","coordinates":[-116.8675,33.8473333333333,8.31]},"id":"ci41534792"},
{"type":"Feature","properties":{"mag":1.84,"place":"16 km WSW of Johannesburg, CA","time":1787543928240,"updated":1787580312480,"tz":null,"url":"https://earthquake.usgs.gov/earthquakes/eventpage/ci41534784","detail":"https://earthquake.usgs.gov/earthquakes/feed/v1.0/detail/ci41534784.geojson","felt":null,"cdi":null,"mmi":null,"alert":null,"status":"reviewed","tsunami":0,"sig":52,"net":"ci","code":"41534784","ids":",ci41534784,","sources":",ci,","types":",focal-mechanism,nearby-cities,origin,phase-data,scitech-link,","nst":43,"dmin":0.06138,"rms":0.16,"gap":57,"magType":"ml","type":"earthquake","title":"M 1.8 - 16 km WSW of Johannesburg, CA"},"geometry":{"type":"Point","coordinates":[-117.798,35.3148333333333,6.81]},"id":"ci41534784"},
{"type":"Feature","properties":{"mag":0.98,"place":"17 km WSW of Nile, Washington","time":1787543591990,"updated":1787609413210,"tz":null,"url":"https://earthquake.usgs.gov/earthquakes/eventpage/uw714084822","detail":"https://earthquake.usgs.gov/earthquakes/feed/v1.0/detail/uw714084822.geojson","felt":null,"cdi":null,"mmi":null,"alert":null,"status":"reviewed","tsunami":0,"sig":15,"net":"uw","code":"714084822","ids":",uw714084822,","sources":",uw,","types":",origin,phase-data,","nst":24,"dmin":0.199,"rms":0.18,"gap":133,"magType":"md","type":"earthquake","title":"M 1.0 - 17 km WSW of Nile, Washington"},"geometry":{"type":"Point","coordinates":[-121.130166666667,46.7363333333333,6.75]},"id":"uw714084822"},
{"type":"Feature","properties":{"mag":1.8,"place":"45 km SSW of Cantwell, Alaska","time":1787543457683,"updated":1787543549135,"tz":null,"url":"https://earthquake.usgs.gov/earthquakes/eventpage/aka2026qsivyu","detail":"https://earthquake.usgs.gov/earthquakes/feed/v1.0/detail/aka2026qsivyu.geojson","felt":null,"cdi":null,"mmi":null,"alert":null,"status":"automatic","tsunami":0,"sig":50,"net":"ak","code":"a2026qsivyu","ids":",aka2026qsivyu,","sources":",ak,","types":",origin,phase-data,","nst":33,"dmin":0.7,"rms":0.7,"gap":48,"magType":"ml","type":"earthquake","title":"M 1.8 - 45 km SSW of Cantwell, Alaska"},"geometry":{"type":"Point","coordinates":[-149.346,63.028,75.7]},"id":"aka2026qsivyu"},
{"type":"Feature","properties":{"mag":0.3,"place":"18 km NW of Midland, Texas","time":1787542573919,"updated":1787575621857,"tz":null,"url":"https://earthquake.usgs.gov/earthquakes/eventpage/tx2026qpqvdr","detail":"https://earthquake.usgs.gov/earthquakes/feed/v1.0/detail/tx2026qpqvdr.geojson","felt":null,"cdi":null,"mmi":null,"alert":null,"status":"reviewed","tsunami":0,"sig":1,"net":"tx","code":"2026qpqvdr","ids":",tx2026qpqvdr,","sources":",tx,","types":",origin,phase-data,","nst":19,"dmin":0,"rms":0.2,"gap":68,"magType":"ml","type":"earthquake","title":"M 0.3 - 18 km NW of Midland, Texas"},"geometry":{"type":"Point","coordinates":[-102.196,32.129,7.1045]},"id":"tx2026qpqvdr"},
{"type":"Feature","properties":{"mag":4.1,"place":"104 km SW of Puerto Madero, Mexico","time":1787542438106,"updated":1787543282040,"tz":null,"url":"https://earthquake.usgs.gov/earthquakes/eventpage/us6000tn20","detail":"https://earthquake.usgs.gov/earthquakes/feed/v1.0/detail/us6000tn20.geojson","felt":null,"cdi":null,"mmi":null,"alert":null,"status":"reviewed","tsunami":0,"sig":259,"net":"us","code":"6000tn20","ids":",us6000tn20,","sources":",us,","types":",origin,phase-data,","nst":36,"dmin":2.33,"rms":1.17,"gap":188,"magType":"mb","type":"earthquake","title":"M 4.1 - 104 km SW of Puerto Madero, Mexico"},"geometry":{"type":"Point","coordinates":[-93.2276,14.1906,10]},"id":"us6000tn20"},
{"type":"Feature","properties":{"mag":0.8,"place":"35 km ESE of Malaga, New Mexico","time":1787542086574,"updated":1787563315561,"tz":null,"url":"https://earthquake.usgs.gov/earthquakes/eventpage/tx2026qpqoil","detail":"https://earthquake.usgs.gov/earthquakes/feed/v1.0/detail/tx2026qpqoil.geojson","felt":null,"cdi":null,"mmi":null,"alert":null,"status":"reviewed","tsunami":0,"sig":10,"net":"tx","code":"2026qpqoil","ids":",tx2026qpqoil,","sources":",tx,","types":",origin,phase-data,","nst":13,"dmin":0,"rms":0.2,"gap":69,"magType":"ml","type":"earthquake","title":"M 0.8 - 35 km ESE of Malaga, New Mexico"},"geometry":{"type":"Point","coordinates":[-103.761,32.048,7.7405]},"id":"tx2026qpqoil"},
{"type":"Feature","properties":{"mag":0.4,"place":"8 km ESE of Hebgen Lake Estates, Montana","time":1787541976760,"updated":1787601576320,"tz":null,"url":"https://earthquake.usgs.gov/earthquakes/eventpage/uu80150006","detail":"https://earthquake.usgs.gov/earthquakes/feed/v1.0/detail/uu80150006.geojson","felt":null,"cdi":null,"mmi":null,"alert":null,"status":"reviewed","tsunami":0,"sig":2,"net":"uu","code":"80150006","ids":",uu80150006,","sources":",uu,","types":",origin,phase-data,","nst":9,"dmin":0.04874,"rms":0.18,"gap":87,"magType":"md","type":"earthquake","title":"M 0.4 - 8 km ESE of Hebgen Lake Estates, Montana"},"geometry":{"type":"Point","coordinates":[-111.093333333333,44.7483333333333,8.29]},"id":"uu80150006"},
{"type":"Feature","properties":{"mag":0.3,"place":"29 km NNW of Midland, Texas","time":1787541538687,"updated":1787575149375,"tz":null,"url":"https://earthquake.usgs.gov/earthquakes/eventpage/tx2026qpqghg","detail":"https://earthquake.usgs.gov/earthquakes/feed/v1.0/detail/tx2026qpqghg.geojson","felt":null,"cdi":null,"mmi":null,"alert":null,"status":"reviewed","tsunami":0,"sig":1,"net":"tx","code":"2026qpqghg","ids":",tx2026qpqghg,","sources":",tx,","types":",origin,phase-data,","nst":17,"dmin":0.1,"rms":0.2,"gap":81,"magType":"ml","type":"earthquake","title":"M 0.3 - 29 km NNW of Midland, Texas"},"geometry":{"type":"Point","coordinates":[-102.201,32.244,2.7588]},"id":"tx2026qpqghg"},
{"type":"Feature","properties":{"mag":0.84,"place":"12 km E of Coso Junction, CA","time":1787541499870,"updated":1787580284093,"tz":null,"url":"https://earthquake.usgs.gov/earthquakes/eventpage/ci41534776","detail":"https://earthquake.usgs.gov/earthquakes/feed/v1.0/detail/ci41534776.geojson","felt":null,"cdi":null,"mmi":null,"alert":null,"status":"reviewed","tsunami":0,"sig":11,"net":"ci","code":"41534776","ids":",ci41534776,","sources":",ci,","types":",nearby-cities,origin,phase-data,","nst":21,"dmin":0.04566,"rms":0.12,"gap":55,"magType":"ml","type":"earthquake","title":"M 0.8 - 12 km E of Coso Junction, CA"},"geometry":{"type":"Point","coordinates":[-117.820833333333,36.0326666666667,1.72]},"id":"ci41534776"},
{"type":"Feature","properties":{"mag":0.6,"place":"10 km ENE of Coso Junction, CA","time":1787541348110,"updated":1787541556451,"tz":null,"url":"https://earthquake.usgs.gov/earthquakes/eventpage/ci41534768","detail":"https://earthquake.usgs.gov/earthquakes/feed/v1.0/detail/ci41534768.geojson","felt":null,"cdi":null,"mmi":null,"alert":null,"status":"automatic","tsunami":0,"sig":6,"net":"ci","code":"41534768","ids":",ci41534768,","sources":",ci,","types":",nearby-cities,origin,phase-data,","nst":15,"dmin":0.05561,"rms":0.11,"gap":65,"magType":"ml","type":"earthquake","title":"M 0.6 - 10 km ENE of Coso Junction, CA"},"geometry":{"type":"Point","coordinates":[-117.841,36.063,2.72]},"id":"ci41534768"},
{"type":"Feature","properties":{"mag":0.1,"place":"37 km WSW of Ackerly, Texas","time":1787541065596,"updated":1787572384462,"tz":null,"url":"https://earthquake.usgs.gov/earthquakes/eventpage/tx2026qppzmp","detail":"https://earthquake.usgs.gov/earthquakes/feed/v1.0/detail/tx2026qppzmp.geojson","felt":null,"cdi":null,"mmi":null,"alert":null,"status":"reviewed","tsunami":0,"sig":0,"net":"tx","code":"2026qppzmp","ids":",tx2026qppzmp,","sources":",tx,","types":",origin,phase-data,","nst":17,"dmin":0,"rms":0.2,"gap":67,"magType":"ml","type":"earthquake","title":"M 0.1 - 37 km WSW of Ackerly, Texas"},"geometry":{"type":"Point","coordinates":[-102.084,32.404,6.6895]},"id":"tx2026qppzmp"},
{"type":"Feature","properties":{"mag":0.68,"place":"18 km E of Little Lake, CA","time":1787541018920,"updated":1787580294807,"tz":null,"url":"https://earthquake.usgs.gov/earthquakes/eventpage/ci41534760","detail":"https://earthquake.usgs.gov/earthquakes/feed/v1.0/detail/ci41534760.geojson","felt":null,"cdi":null,"mmi":null,"alert":null,"status":"reviewed","tsunami":0,"sig":7,"net":"ci","code":"41534760","ids":",ci41534760,","sources":",ci,","types":",nearby-cities,origin,phase-data,","nst":18,"dmin":0.05525,"rms":0.07,"gap":52,"magType":"ml","type":"earthquake","title":"M 0.7 - 18 km E of Little Lake, CA"},"geometry":{"type":"Point","coordinates":[-117.706166666667,35.9161666666667,3.09]},"id":"ci41534760"},
{"type":"Feature","properties":{"mag":1.24,"place":"6 km WNW of Cobb, CA","time":1787540979870,"updated":1787550742398,"tz":null,"url":"https://earthquake.usgs.gov/earthquakes/eventpage/nc75423977","detail":"https://earthquake.usgs.gov/earthquakes/feed/v1.0/detail/nc75423977.geojson","felt":null,"cdi":null,"mmi":null,"alert":null,"status":"automatic","tsunami":0,"sig":24,"net":"nc","code":"75423977","ids":",nc75423977,","sources":",nc,","types":",nearby-cities,origin,phase-data,scitech-link,","nst":14,"dmin":0.003959,"rms":0.02,"gap":74,"magType":"md","type":"earthquake","title":"M 1.2 - 6 km WNW of Cobb, CA"},"geometry":{"type":"Point","coordinates":[-122.786163330078,38.8361663818359,1.99000000953674]},"id":"nc75423977"},
{"type":"Feature","properties":{"mag":0.2,"place":"30 km E of McKinney Acres, Texas","time":1787540934512,"updated":1787571775896,"tz":null,"url":"https://earthquake.usgs.gov/earthquakes/eventpage/tx2026qppxox","detail":"https://earthquake.usgs.gov/earthquakes/feed/v1.0/detail/tx2026qppxox.geojson","felt":null,"cdi":null,"mmi":null,"alert":null,"status":"reviewed","tsunami":0,"sig":1,"net":"tx","code":"2026qppxox","ids":",tx2026qppxox,","sources":",tx,","types":",origin,phase-data,","nst":14,"dmin":0.1,"rms":0.2,"gap":62,"magType":"ml","type":"earthquake","title":"M 0.2 - 30 km E of McKinney Acres, Texas"},"geometry":{"type":"Point","coordinates":[-102.209,32.273,7.7881]},"id":"tx2026qppxox"},
{"type":"Feature","properties":{"mag":1.71,"place":"4 km NW of Marston, Missouri","time":1787540006280,"updated":1787579112080,"tz":null,"url":"https://earthquake.usgs.gov/earthquakes/eventpage/nm60627181","detail":"https://earthquake.usgs.gov/earthquakes/feed/v1.0/detail/nm60627181.geojson","felt":null,"cdi":null,"mmi":null,"alert":null,"status":"reviewed","tsunami":0,"sig":45,"net":"nm","code":"60627181","ids":",nm60627181,","sources":",nm,","types":",origin,phase-data,","nst":25,"dmin":0.01762,"rms":0.04,"gap":39,"magType":"md","type":"earthquake","title":"M 1.7 - 4 km NW of Marston, Missouri"},"geometry":{"type":"Point","coordinates":[-89.6508333333333,36.5398333333333,7.75]},"id":"nm60627181"},
{"type":"Feature","properties":{"mag":-0.45,"place":"65 km NE of Nikolski, Alaska","time":1787539914790,"updated":1787614471090,"tz":null,"url":"https://earthquake.usgs.gov/earthquakes/eventpage/av93066184","detail":"https://earthquake.usgs.gov/earthquakes/feed/v1.0/detail/av93066184.geojson","felt":null,"cdi":null,"mmi":null,"alert":null,"status":"reviewed","tsunami":0,"sig":0,"net":"av","code":"93066184","ids":",av93066184,","sources":",av,","types":",origin,phase-data,","nst":6,"dmin":0.04428,"rms":0.22,"gap":221,"magType":"ml","type":"earthquake","title":"M -0.5 - 65 km NE of Nikolski, Alaska"},"geometry":{"type":"Point","coordinates":[-168.217833333333,53.3853333333333,2.39]},"id":"av93066184"},
{"type":"Feature","properties":{"mag":0.77,"place":"3 km ENE of Colton, CA","time":1787539660710,"updated":1787539866610,"tz":null,"url":"https://earthquake.usgs.gov/earthquakes/eventpage/ci41534744","detail":"https://earthquake.usgs.gov/earthquakes/feed/v1.0/detail/ci41534744.geojson","felt":null,"cdi":null,"mmi":null,"alert":null,"status":"automatic","tsunami":0,"sig":9,"net":"ci","code":"41534744","ids":",ci41534744,","sources":",ci,","types":",nearby-cities,origin,phase-data,","nst":14,"dmin":0.3037,"rms":0.11,"gap":195,"magType":"ml","type":"earthquake","title":"M 0.8 - 3 km ENE of Colton, CA"},"geometry":{"type":"Point","coordinates":[-117.282166666667,34.09,1.69]},"id":"ci41534744"},
{"type":"Feature","properties":{"mag":1.04,"place":"11 km NW of The Geysers, CA","time":1787539635500,"updated":1787541443404,"tz":null,"url":"https://earthquake.usgs.gov/earthquakes/eventpage/nc75423967","detail":"https://earthquake.usgs.gov/earthquakes/feed/v1.0/detail/nc75423967.geojson","felt":null,"cdi":null,"mmi":null,"alert":null,"status":"automatic","tsunami":0,"sig":17,"net":"nc","code":"75423967","ids":",nc75423967,","sources":",nc,","types":",nearby-cities,origin,phase-data,scitech-link,","nst":19,"dmin":0.0136,"rms":0.02,"gap":134,"magType":"md","type":"earthquake","title":"M 1.0 - 11 km NW of The Geysers, CA"},"geometry":{"type":"Point","coordinates":[-122.849502563477,38.8466682434082,1.58000004291534]},"id":"nc75423967"},
{"type":"Feature","properties":{"mag":4.9,"place":"southern Mid-Atlantic Ridge","time":1787539508660,"updated":1787541066040,"tz":null,"url":"https://earthquake.usgs.gov/earthquakes/eventpage/us6000tn1z","detail":"https://earthquake.usgs.gov/earthquakes/feed/v1.0/detail/us6000tn1z.geojson","felt":null,"cdi":null,"mmi":null,"alert":null,"status":"reviewed","tsunami":0,"sig":369,"net":"us","code":"6000tn1z","ids":",us6000tn1z,","sources":",us,","types":",origin,phase-data,","nst":41,"dmin":21.631,"rms":0.66,"gap":159,"magType":"mb","type":"earthquake","title":"M 4.9 - southern Mid-Atlantic Ridge"},"geometry":{"type":"Point","coordinates":[-14.921,-12.6363,10]},"id":"us6000tn1z"},
{"type":"Feature","properties":{"mag":1.21,"place":"9 km NW of Pinnacles, CA","time":1787539426880,"updated":1787549242252,"tz":null,"url":"https://earthquake.usgs.gov/earthquakes/eventpage/nc75423957","detail":"https://earthquake.usgs.gov/earthquakes/feed/v1.0/detail/nc75423957.geojson","felt":null,"cdi":null,"mmi":null,"alert":null,"status":"automatic","tsunami":0,"sig":23,"net":"nc","code":"75423957","ids":",nc75423957,","sources":",nc,","types":",nearby-cities,origin,phase-data,scitech-link,","nst":7,"dmin":0.03048,"rms":0.03,"gap":142,"magType":"md","type":"earthquake","title":"M 1.2 - 9 km NW of Pinnacles, CA"},"geometry":{"type":"Point","coordinates":[-121.206001281738,36.5973320007324,8.07999992370605]},"id":"nc75423957"},
{"type":"Feature","properties":{"mag":4.4,"place":"26 km SW of Sipí, Colombia","time":1787539260646,"updated":1787543305040,"tz":null,"url":"https://earthquake.usgs.gov/earthquakes/eventpage/us6000tn1x","detail":"https://earthquake.usgs.gov/earthquakes/feed/v1.0/detail/us6000tn1x.geojson","felt":null,"cdi":null,"mmi":null,"alert":null,"status":"reviewed","tsunami":0,"sig":298,"net":"us","code":"6000tn1x","ids":",us6000tn1x,","sources":",us,","types":",origin,phase-data,","nst":24,"dmin":2.114,"rms":0.89,"gap":94,"magType":"mb","type":"earthquake","title":"M 4.4 - 26 km SW of Sipí, Colombia"},"geometry":{"type":"Point","coordinates":[-76.8403,4.5166,77.675]},"id":"us6000tn1x"},
{"type":"Feature","properties":{"mag":0.72,"place":"15 km ENE of Borrego Springs, CA","time":1787539134220,"updated":1787539337586,"tz":null,"url":"https://earthquake.usgs.gov/earthquakes/eventpage/ci41534736","detail":"https://earthquake.usgs.gov/earthquakes/feed/v1.0/detail/ci41534736.geojson","felt":null,"cdi":null,"mmi":null,"alert":null,"status":"automatic","tsunami":0,"sig":8,"net":"ci","code":"41534736","ids":",ci41534736,","sources":",ci,","types":",nearby-cities,origin,phase-data,","nst":38,"dmin":0.09307,"rms":0.22,"gap":78,"magType":"ml","type":"earthquake","title":"M 0.7 - 15 km ENE of Borrego Springs, CA"},"geometry":{"type":"Point","coordinates":[-116.2235,33.3033333333333,10.69]},"id":"ci41534736"},
{"type":"Feature","properties":{"mag":1.6,"place":"85 km SE of Pope-Vannoy Landing, Alaska","time":1787538898079,"updated":1787613750030,"tz":null,"url":"https://earthquake.usgs.gov/earthquakes/eventpage/aka2026qsghxn","detail":"https://earthquake.usgs.gov/earthquakes/feed/v1.0/detail/aka2026qsghxn.geojson","felt":null,"cdi":null,"mmi":null,"alert":null,"status":"automatic","tsunami":0,"sig":39,"net":"ak","code":"a2026qsghxn","ids":",av94400593,aka2026qsghxn,","sources":",av,ak,","types":",origin,phase-data,","nst":31,"dmin":0.1,"rms":0.6,"gap":102,"magType":"ml","type":"earthquake","title":"M 1.6 - 85 km SE of Pope-Vannoy Landing, Alaska"},"geometry":{"type":"Point","coordinates":[-153.513,58.971,5]},"id":"aka2026qsghxn"},
{"type":"Feature","properties":{"mag":-0.12,"place":"63 km ENE of Pedro Bay, Alaska","time":1787538441200,"updated":1787612910050,"tz":null,"url":"https://earthquake.usgs.gov/earthquakes/eventpage/av94400573","detail":"https://earthquake.usgs.gov/earthquakes/feed/v1.0/detail/av94400573.geojson","felt":null,"cdi":null,"mmi":null,"alert":null,"status":"reviewed","tsunami":0,"sig":0,"net":"av","code":"94400573","ids":",av94400573,","sources":",av,","types":",origin,phase-data,","nst":8,"dmin":0.02695,"rms":0.21,"gap":99,"magType":"ml","type":"earthquake","title":"M -0.1 - 63 km ENE of Pedro Bay, Alaska"},"geometry":{"type":"Point","coordinates":[-153.079333333333,60.0316666666667,-2.96]},"id":"av94400573"},
{"type":"Feature","properties":{"mag":0.92,"place":"9 km NNE of Pala, CA","time":1787538378540,"updated":1787583417810,"tz":null,"url":"https://earthquake.usgs.gov/earthquakes/eventpage/ci41534728","detail":"https://earthquake.usgs.gov/earthquakes/feed/v1.0/detail/ci41534728.geojson","felt":null,"cdi":null,"mmi":null,"alert":null,"status":"reviewed","tsunami":0,"sig":13,"net":"ci","code":"41534728","ids":",ci41534728,","sources":",ci,","types":",focal-mechanism,nearby-cities,origin,phase-data,","nst":50,"dmin":0.04198,"rms":0.16,"gap":28,"magType":"ml","type":"earthquake","title":"M 0.9 - 9 km NNE of Pala, CA"},"geometry":{"type":"Point","coordinates":[-117.024333333333,33.4306666666667,11.3]},"id":"ci41534728"},
{"type":"Feature","properties":{"mag":4.7,"place":"71 km N of Ruteng, Indonesia","time":1787537979063,"updated":1787540519040,"tz":null,"url":"https://earthquake.usgs.gov/earthquakes/eventpage/us6000tn1v","detail":"https://earthquake.usgs.gov/earthquakes/feed/v1.0/detail/us6000tn1v.geojson","felt":null,"cdi":null,"mmi":null,"alert":null,"status":"reviewed","tsunami":0,"sig":340,"net":"us","code":"6000tn1v","ids":",us6000tn1v,","sources":",us,","types":",origin,phase-data,","nst":25,"dmin":3.016,"rms":0.78,"gap":83,"magType":"mb","type":"earthquake","title":"M 4.7 - 71 km N of Ruteng, Indonesia"},"geometry":{"type":"Point","coordinates":[120.4679,-7.9644,10]},"id":"us6000tn1v"},
{"type":"Feature","properties":{"mag":0.31,"place":"11 km WNW of Cobb, CA","time":1787537866830,"updated":1787539940251,"tz":null,"url":"https://earthquake.usgs.gov/earthquakes/eventpage/nc75423947","detail":"https://earthquake.usgs.gov/earthquakes/feed/v1.0/detail/nc75423947.geojson","felt":null,"cdi":null,"mmi":null,"alert":null,"status":"automatic","tsunami":0,"sig":1,"net":"nc","code":"75423947","ids":",nc75423947,","sources":",nc,","types":",nearby-cities,origin,phase-data,scitech-link,","nst":8,"dmin":0.01481,"rms":0.03,"gap":110,"magType":"md","type":"earthquake","title":"M 0.3 - 11 km WNW of Cobb, CA"},"geometry":{"type":"Point","coordinates":[-122.848999023438,38.8489990234375,0.810000002384186]},"id":"nc75423947"}],"bbox":[-176.289,-28.143,-2.96,176.292,65.853,209.196]}